:020000040800F2
:1000000000060020E1020008E3020008E302000805
:10001000E3020008E3020008E3020008E30200082C
:10002000E3020008E3020008E30200083178000858
:10003000E3020008E3020008E3020008E30200080C
:10004000E3020008E3020008E3020008E3020008FC
:10005000E3020008E3020008E3020008E3020008EC
:10006000E3020008E3020008E3020008C9460008B2
:10007000F14600081D470008494700087547000879
:100080009D470008C9470008E3020008E302000892
:10009000E3020008E3020008E3020008E3020008AC
:1000A000E3020008E3020008E3020008E30200089C
:1000B000E3020008E3020008E3020008E30200088C
:1000C000E3020008E3020008E3020008E30200087C
:1000D000E3020008E3020008E30200085187000879
:1000E000E3020008E3020008E3020008E30200085C
:1000F000E3020008E3020008E3020008F5470008F5
:10010000E3020008E30200088D870008E30200080C
:10011000E302000865870008E3020008E302000824
:10012000214800084948000875480008A14800080F
:10013000CD480008E3020008E3020008E3020008DB
:10014000E3020008E3020008E3020008E3020008FB
:10015000F5480008214900084D490008E30200085D
:10016000E3020008E3020008E3020008E3020008DB
:10017000E30200081D840008E3020008E30200080F
:10018000E3020008E302000879870008E3020008A0
:10019000E3020008E3020008E3020008E3020008AB
:1001A000E3020008E3020008E3020008E30200089B
:1001B000E3020008E3020008E3020008E30200088B
:1001C000E3020008E3020008E3020008E30200087B
:1001D000E302000809840008E3020008E3020008C3
:1001E000E3020008E3020008E3020008E30200085B
:1001F000E3020008E3020008E3020008E30200084B
:10020000E3020008E3020008E3020008E30200083A
:10021000E3020008E3020008E3020008E30200082A
:10022000E3020008E3020008E3020008E30200081A
:100230003D870008E3020008E3020008E30200082B
:10024000E3020008E3020008E3020008E3020008FA
:10025000E3020008E3020008E3020008E3020008EA
:10026000E3020008E3020008E3020008E3020008DA
:10027000E3020008E3020008E3020008E3020008CA
:10028000E3020008E3020008E3020008E3020008BA
:10029000E3020008E3020008E3020008E3020008AA
:1002A000E3020008E3020008E3020008E30200089A
:1002B000E3020008E3020008E3020008E30200088A
:1002C000E3020008E3020008E3020008E30200087A
:1002D000E3020008E3020008E3020008E30200086A
:1002E00002E000F000F8FEE772B6374880F30888B5
:1002F000364880F3098836483649086040F20000E5
:10030000CCF200004EF63471CEF200010860BFF36B
:100310004F8FBFF36F8F40F20000C0F2F0004EF637
:100320008851CEF200010860BFF34F8FBFF36F8F8B
:100330004FF00000E1EE100A4EF63C71CEF20001E3
:100340000860062080F31488BFF36F8F07F0D2FA9D
:1003500006F022FC4FF055301F491B4A91423CBF2A
:1003600041F8040BFAE71D49184A91423CBF41F895
:10037000040BFAE71A491B4A1B4B9A423EBF51F83D
:10038000040B42F8040BF8E700201849184A914280
:100390003CBF41F8040BFAE707F0EAFA06F080FCEC
:1003A000144C154DAC4203DA54F8041B8847F9E7A6
:1003B00000F0C4F9114C124DAC4203DA54F8041B9E
:1003C0008847F9E707F0D2BA000600200022002093
:1003D0000000000808ED00E00000002000060020FA
:1003E000F09B0008002200207422002078220020C8
:1003F000B4660020E0020008E0020008E002000805
:10040000E00200082DE9F04F2DED108AC1F80CD064
:10041000D0F80CD0BDEC108ABDE8F08F002383F338
:1004200011882846A047002006F098F9FEE706F05C
:10043000EBF800DFFEE7000053B94AB9002908BF16
:1004400000281CBF4FF0FF314FF0FF3000F074B9AF
:10045000ADF1080C6DE904CE00F006F8DDF804E01B
:10046000DDE9022304B070472DE9F047089D0446FA
:100470008E46002B4DD18A42944669D9B2FA82F257
:1004800052B101FA02F3C2F1200120FA01F10CFA93
:1004900002FC41EA030E94404FEA1C48210CBEFBCB
:1004A000F8F61FFA8CF708FB16E341EA034306FB54
:1004B00007F199420AD91CEB030306F1FF3080F0E3
:1004C0001F81994240F21C81023E63445B1AA4B230
:1004D000B3FBF8F008FB103344EA034400FB07F7D2
:1004E000A7420AD91CEB040400F1FF3380F00A8113
:1004F000A74240F207816444023840EA0640E41B08
:1005000000261DB1D4400023C5E900433146BDE8B3
:10051000F0878B4209D9002D00F0EF800026C5E955
:10052000000130463146BDE8F087B3FA83F6002E6D
:100530004AD18B4202D3824200F2F980841A61EBE5
:10054000030301209E46002DE0D0C5E9004EDDE703
:1005500002B9FFDEB2FA82F2002A40F09280A1EBEB
:100560000C014FEA1C471FFA8CFE0126200CB1FB40
:10057000F7F307FB131140EA01410EFB03F0884239
:1005800008D91CEB010103F1FF3802D2884200F2C6
:10059000CB804346091AA4B2B1FBF7F007FB101158
:1005A00044EA01440EFB00FEA64508D91CEB0404F6
:1005B00000F1FF3102D2A64500F2BB800846A4EB51
:1005C0000E0440EA03409CE7C6F12007B34022FA3C
:1005D00007FC4CEA030C20FA07F401FA06F31C436B
:1005E000F9404FEA1C4900FA06F3B1FBF9F8200C78
:1005F0001FFA8CFE09FB181140EA014108FB0EF0BE
:10060000884202FA06F20BD91CEB010108F1FF3A0D
:1006100080F08880884240F28580A8F10208614419
:10062000091AA4B2B1FBF9F009FB101144EA014127
:1006300000FB0EFE8E4508D91CEB010100F1FF34D2
:100640006CD28E456AD90238614440EA0840A0FB6A
:100650000294A1EB0E01A142C846A64656D353D040
:100660005DB1B3EB080261EB0E0101FA07F722FA64
:1006700006F3F1401F43C5E9007100263146BDE88D
:10068000F087C2F12003D8400CFA02FC21FA03F3F0
:10069000914001434FEA1C471FFA8CFEB3FBF7F071
:1006A00007FB10360B0C43EA064300FB0EF69E4296
:1006B00004FA02F408D91CEB030300F1FF382FD22F
:1006C0009E422DD9023863449B1B89B2B3FBF7F6D7
:1006D00007FB163341EA034106FB0EF38B4208D9B0
:1006E0001CEB010106F1FF3816D28B4214D9023EF1
:1006F0006144C91A46EA004638E72E46284605E70F
:100700000646E3E61846F8E64B45A9D2B9EB0208DF
:1007100064EB0C0E0138A3E74646EAE7204694E76F
:100720004046D1E7D0467BE7023B614432E73046A2
:1007300009E76444023842E7704700BF38B501F06A
:1007400007FA01F0C9FB06F04BFF054607F062F817
:100750000446D0B90F4B9D4219D001339D4241F25E
:10076000883504BF01240025002006F043FF0CB1AA
:1007700000F076F801F050FB00F02EFD08B100F01B
:100780006FF8284600F01AF9F9E70025ECE705466E
:10079000EAE700BF010007B008B501F0A5F9A0F134
:1007A00020035842584108BD07B5042101900DEBC4
:1007B000010001F0B7F903B05DF804FB38B5302350
:1007C00083F31188174803680BB106F0ABF80023D8
:1007D000154A4FF47A71134806F09AF8002383F310
:1007E0001188124C236813B12368013B23606368AE
:1007F00013B16368013B63600D4D2B7833B96368B7
:100800007BB9022001F06AFA322363602B78032B54
:1008100007D163682BB9022001F060FA4FF47A73B4
:10082000636038BD78220020BD07000898230020AF
:1008300090220020084B187003280CD8DFE800F045
:1008400008050208022001F03BBA022001F028BA94
:10085000024B00225A60704790220020982300200B
:10086000F8B5504B504A1C461968013100F0998088
:1008700004339342F8D162684C4B9A4240F2918023
:100880004B4B9B6803F1006303F500339A4280F001
:100890008880002001F076F90220FFF7CBFF454B5E
:1008A0000021D3F8E820C3F8E810D3F81021C3F8EA
:1008B0001011D3F81021D3F8EC20C3F8EC10D3F8C2
:1008C0001421C3F81411D3F81421D3F8F020C3F87D
:1008D000F010D3F81821C3F81811D3F81821D3F861
:1008E000802042F00062C3F88020D3F8802022F0FC
:1008F0000062C3F88020D3F88020D3F8802042F033
:100900000072C3F88020D3F8802022F00072C3F870
:100910008020D3F8803072B64FF0E023C3F8084D42
:10092000D4E90004BFF34F8FBFF36F8F224AC2F8A0
:100930008410BFF34F8F536923F480335361BFF3A7
:100940004F8FD2F8803043F6E076C3F3C905C3F386
:100950004E335B0103EA060C29464CEA81770139E4
:10096000C2F87472F9D2203B13F1200FF2D1BFF319
:100970004F8FBFF36F8FBFF34F8FBFF36F8F5369ED
:1009800023F4003353610023C2F85032BFF34F8F7A
:10099000BFF36F8F302383F31188854680F3088877
:1009A0002047F8BD0000020820000208FFFF0108F0
:1009B000002200200044025800ED00E02DE9F04F35
:1009C00095B0DFF8D8922022FF21029004A8D9F830
:1009D000085001F0CBF9A84A1378A3B90121A74820
:1009E00011700360302383F3118803680BB105F0A5
:1009F00099FF0023A24A4FF47A71A04805F088FFBE
:100A0000002383F31188029B13B19E4B029A1A6054
:100A10009D4A1378032B03D000231370994A536027
:100A20004FF0000B029C5E46DA46CDF804B0012080
:100A300001F046F924B1934B1B68002B00F028828B
:100A4000002001F051F8B0F10008F3DB012001F0C3
:100A500027F9A8F121031F2BE9D801A252F823F0AE
:100A6000E10A0008FD0A00088B0B00082F0A0008A5
:100A70002F0A00082F0A0008150C0008070E0008AE
:100A8000F90C0008550D00087B0D0008A10D0008A9
:100A90002F0A0008B30D0008D70D00084F0E0008FC
:100AA000690B00082F0A0008970E0008ED0A0008DD
:100AB000690B00082F0A0008550D00082F0A0008CE
:100AC0002F0A00082F0A00082F0A00082F0A000822
:100AD0002F0A00082F0A00082F0A00088B0B0008B5
:100AE0000220FFF759FE002840F0FF81029B0221FF
:100AF0006648BBF1000F08BF1C4640E04FF47A7017
:100B000000F0F2FF071EF1DB0220FFF745FE002890
:100B1000ECD0013F052F00F2EA81DFE807F0030780
:100B20000A0D10330520FFF73FFE14E0D9F800004E
:100B3000F9E7D9F80400F6E7D9F80800F3E74FF031
:100B40001C08404608F1040801F01EF8FFF72CFECF
:100B5000B8F12C0FF5D10120019B4FF0000A00FAEB
:100B600007F71F43FBB2019301F04CF92EB1019B33
:100B700003F00B030B2B08BF00240221444800F0B4
:100B8000D1FF54E7D9F80C00CDE7002EAED0019B81
:100B900003F00B030B2BA9D10220FFF7FDFD074645
:100BA0000028A3D00120002600F0ECFF0220FFF770
:100BB00041FE1FFA86FB584600F0F4FF044688B158
:100BC000A8F14002584601365142514100F0FAFF67
:100BD0000028EED1BB46044602212E483E4600F0D6
:100BE000A1FF24E725460120FFF724FED9F80830AD
:100BF000AB4207D9284600F0C7FF013040F07A81A8
:100C00000435F3E70025204BBB463E461D701D4BC7
:100C10005D60A9E7002E3FF469AF019B03F00B0371
:100C20000B2B7FF463AF0220FFF704FE322000F0AD
:100C30005BFFB0F10008FFF659AF18F003077FF42F
:100C400055AF08EB0503D9F8082093423FF64EAFA5
:100C5000B8F5807F3FF74AAF0F4BB84503931FDDD0
:100C60004FF47A7000F040FF0028FFF63FAF039B7F
:100C7000013703F8010BF0E79423002078220020CD
:100C8000BD0700089823002090220020AC910008A6
:100C9000A4910008A89100089422002000220020BE
:100CA000C820FFF779FD074600283FF41FAF1F2D2E
:100CB00011D8C5F1200204AB25F003008F4942454D
:100CC000184428BF4246039201F02AF8039AFF21F4
:100CD0008A4801F04BF84FEAA803C8F38702874916
:100CE0002846039301F04AF8064600283FF474AF03
:100CF000039B05EB830537E70220FFF74DFD002836
:100D00003FF4F4AE00F07CFF00283FF4EFAE002784
:100D1000B846D9F80830BB4218D91F2F11D8049B08
:100D200001330ED027F0030314AA134453F8403CB8
:100D30000C93404604220CA9043701F065F9804663
:100D4000E7E7384600F020FF0C90F2E74046FFF757
:100D50002BFD09E7002364210CA80C9300F0D8FEBA
:100D600000287FF4C3AE0220FFF716FD00283FF4F1
:100D7000BDAE0C9800F03AFFE9E7002364210CA80F
:100D80000C9300F0C5FE00287FF4B0AE0220FFF700
:100D900003FD00283FF4AAAE0C9800F029FFD6E727
:100DA0000220FFF7F9FC00283FF4A0AE00F038FF66
:100DB000CDE70220FFF7F0FC00283FF497AE0CA926
:100DC000142000F033FF0390FFF7EEFC03990CA80A
:100DD00000F0A8FEC8E60220FFF7DEFC00283FF482
:100DE00085AE474B0CAF03F1100C1868083353F86D
:100DF000041C3A46634503C21746F6D11020FFF79C
:100E0000D3FC1021E3E7322000F06EFE071EFFF650
:100E10006DAEBB077FF46AAE07EB0A03D9F8082072
:100E200093423FF663AE0220FFF7B6FC00283FF482
:100E30005DAE27F003075744BA453FF495AE5046E0
:100E40000AF1040A00F0A0FEFFF7AEFCF4E74FF44D
:100E50007A70FFF7A1FC00283FF448AE00F0D0FE06
:100E6000002849D0049B01330BD0082204A900209C
:100E700000F084FF00283FD02022FF2104A800F0CA
:100E800075FF2048022100F04DFE1F4805F06CFC64
:100E900015B0BDE8F08F002E3FF428AE019B03F0A3
:100EA0000B030B2B7FF422AE002364210CA80C93C0
:100EB00000F02EFE074600287FF418AE0220FFF750
:100EC0006BFC804600283FF411AE02210D4800F073
:100ED00029FE41F2883005F047FC0C9800F0DAFF5B
:100EE00046463C4600F08EFFA1E506463CE64FF044
:100EF000000AFBE5BB466FE637466DE6942200200C
:100F000090910008A4910008A0860100704700009D
:100F100070470000704700002DE9F04100F5803770
:100F2000044616463B7C5BB9C0681030204400F094
:100F3000F7FEE5683544B5F5004FE56002D816B117
:100F4000BDE8F081DEB905F07F0605F11000002153
:100F5000C6F180062044F6B232462E4400F006FF69
:100F6000A06804F11008324600F10060414600F527
:100F7000003006F0D5F830B901233B74E0E74FF4B8
:100F800000463546ECE7A26805F1100140463244C0
:100F90002144A260E268521BE26000F0C1FE022020
:100FA000BDE8F04100F09ABE183000F0E9BC000046
:100FB00010B5044601F044F8204610BD10B50446B3
:100FC00001F03EF8204610BDC0B2A0F14103052B50
:100FD00002D83738C0B27047A0F16103052B94BF27
:100FE00057383038F6E7000070B504461546084615
:100FF00003220C4900F09EFE014688B908346E1C9D
:1010000015F91100FFF7E0FF024616F91100013152
:10101000FFF7DAFF102940EA021004F8010BEFD1C4
:1010200070BD00BFB09100082DE9F04FADF53F7DD8
:101030000746416801222AA802F0F2FE002840F08B
:1010400087800646824681461125DFF80C81DFF84D
:101050000CB101AB4FF4805241462AA803F040F88E
:10106000002875D1019AB2F5805F71D8002A65D049
:101070000446019A9442ECD2282D0FD008DC132D9F
:101080002DD01E2D39D0112D13D00134A4B2F0E78C
:10109000322D2DD0372D2FD02D2DF6D13B68121BA0
:1010A00008EB040138461B692D259847BDF804401C
:1010B000EBE7121B022A09D9594608EB040000F09D
:1010C00039FE18B902342825A4B2DEE718F8043036
:1010D0003A2B3DD00A2B1CBFA1461325D5E718F8A3
:1010E00004300A2B34D03A2B04BFA2463225CCE779
:1010F00018F80430202BC8D0264618F804300A2BE4
:101100001AD1AAEB090208EB090102A811254F2AFE
:1011100028BF4F2208F028F8A21B08EB060116A8EA
:101120004F2A28BF4F2208F01FF83B6816AA02A9D1
:10113000DB6838469847A8E71E25A6E73B6838468F
:1011400004491B69984701200DF53F7DBDE8F08FEC
:101150000020F9E7B2920008A0230020B491000813
:1011600000F1180110B5044686B00846019100F060
:10117000F1FB2046FFF758FF60B1019902A800F08B
:1011800049FC102204F1080102A807F0ADFFB0FAF3
:1011900080F0400906B010BD70B504460025EEB2DF
:1011A000304600F0FFFC58B100213046013500F018
:1011B00009FD08B9002070BD022000F08FFDEEE7A8
:1011C0002046FFF731FF0028F4D004F58034207C5E
:1011D00080F00100EFE70000F0B5C9B006F018FAA2
:1011E00000F04AFF18B90025284649B0F0BD69460D
:1011F0002A4803F037F800284BD1294C204603F049
:1012000061F8284803F05EF8274803F05BF82146B0
:10121000224803F0D3F80028E5D1702000F00AFF3F
:10122000064610B1214B44600360336830469B682A
:101230009847054600282ED01A4F1948394603F022
:10124000BDF805460028CED1194800F0F3FE04464B
:1012500038B1184B4760036000F58033C0E9025590
:101260001D74236820469B689847054628B10E499F
:101270000C4803F0A3F80028B5D1336830465B680A
:1012800098471CB1236820465B68984700F0DCFE55
:10129000AAE70025FAE70446EFE700BFB891000887
:1012A000C8910008DF910008F59100081892000825
:1012B00014000100349200082DE9F04FD44A8DB09B
:1012C0000B68D0F804A001931A440368D14E1A4465
:1012D000D1F81C90DFF8B4C3DFF8B4B3D0E902341E
:1012E000634003EA0A03634013444A6802920AEB2C
:1012F0007363029CC84A2244C468224484688AEA10
:1013000004051D40654015448A68039203EB35557A
:10131000039CC24A2244846822448AEA03042C4083
:1013200084EA0A041444CA6805EBF43404921644AF
:1013300083EA0502224056445A4032440E6905961B
:1013400004EBB222059FB64E3E441E4485EA0403D8
:1013500013406B4033444E69069602EB7363069F5D
:10136000B04E3E442E4484EA02051D40654035449B
:101370008E69079603EB3555079FAB4E3E442644D6
:1013800082EA03042C4054403444A84E4E4405EBFA
:10139000F434164483EA050222405A4032440E6A6D
:1013A000089604EBB222089FA14E3E441E4485EAF3
:1013B000040313406B4033444E6A099602EB736397
:1013C000099F9C4ED1F830E03E44D1F83880F34478
:1013D0002E4484EA02051D40654035448E6AA6F518
:1013E000244703EB35550A964F3F274482EA03040E
:1013F0002C4054403C44CF6A0B9705EBF4340B9ED1
:101400008D4F3744029E174483EA050222405A401A
:101410003A448A4F774404EBB2221F4485EA04031E
:1014200013406B403B444F6BBC4402EB7363654419
:1014300084EA020C0CEA030C8CEA040C6544DFF825
:1014400054C2C44403EB3555A44482EA03042C403F
:1014500054406444D1F83CC0794905EBF43461440C
:10146000114483EA050222405A400A44754904EBBC
:10147000B2223144079E194484EA02032B406340A0
:101480000B44714902EBF36331440B9E0D4482EA35
:1014900003012140514029446C4D03EBF151354487
:1014A000019E254483EA010414405C402C44684DAD
:1014B00001EBB4443544069E154481EA04021A4007
:1014C0004A402A44634D04EB323235440A9E1D449F
:1014D00084EA02030B4063402B445F4D02EBF3634D
:1014E0003544059E0D4482EA0301214051402944C0
:1014F0005A4D03EBF1516544254483EA010414403D
:101500005C402C44564D01EBB4443544099E1544CF
:1015100081EA04021A404A402A44524D04EB323216
:101520003544049E1D4484EA02030B4063402B446F
:101530004D4D02EBF36345440D4482EA0301214023
:1015400051402944494D03EBF1513544089E2C4448
:1015500083EA010515405D402C44454D01EBB44440
:101560003544039E2A4481EA04051D404D402A4427
:10157000404D04EB32323D442B4484EA020593444F
:101580000D4065402B443C4D02EBF3633544069E11
:10159000294482EA0305254055402944374D03EB91
:1015A000F1514D442C4483EA010515405D4025442A
:1015B00001EBB54581EA050404EA03024A405A44B6
:1015C000A6F5B82B089E05EB3232ABF2BE6B544049
:1015D0005B4423442A4C344402EB33730B9E0C448B
:1015E00085EA020159402144264C344403EB7151F1
:1015F000029E254482EA03044C402544224C444484
:1016000001EB3545144483EA01026A40224443E079
:1016100078A46AD7EECEBDC156B7C7E8DB702024E8
:10162000AF0F7CF52AC68747134630A8019546FDC3
:10163000D8988069AFF7448BBED75C892211906B34
:101640002108B44962251EF640B340C0515A5E26B7
:10165000AAC7B6E95D102FD65314440281E6A1D87B
:10166000C8FBD3E7E6CDE121D60737C3870DD5F414
:10167000ED145A4505E9E3A9F8A3EFFCD9026F6719
:1016800081F6718722619D6D0C38E5FD937198FD9F
:101690008A4C2A8D8E4379A6934C344405EB7222F2
:1016A000059E1C4481EA0503534023448F4C344477
:1016B00002EB33730A9E0C4485EA0201594021442F
:1016C0008B4C4C4403EB7151254482EA03044C409B
:1016D0002C44884D354401EB3444019E154483EA83
:1016E000010262402A44844D3D4404EB72221D44B1
:1016F00081EA040353402B44804D354402EB33739D
:10170000049E294484EA02055D4029447C4D354409
:1017100003EB7151079E254482EA03044C402C449C
:10172000784D354401EB3444099E2A4483EA01058F
:1017300065401544744A324404EB7525039E1344F6
:1017400081EA04026A401A44704B734405EB32721A
:101750000B4484EA0501514019446D4B634402EB8C
:1017600071511C4485EA02034B401C44694B3344CD
:1017700001EB3444019E1D4482EA010363402B4483
:10178000654D04EB73233544069E154463EA01025C
:1017900062402A44614D03EBB2624D4462EA04099F
:1017A00029445F4D89EA0309454449442C445D4D71
:1017B00002EBB1513544049E61EA03081D4488EAF6
:1017C0000208444401EB744464EA02034B402B4496
:1017D000554D04EBF323754463EA010E15448EEA7C
:1017E000040E0EEB0502514D03EBB262354462EA82
:1017F000040E29440A9D8EEA030EA5F580164C4D71
:101800007144A6F6833602EBB151264461EA030423
:1018100054403444029E01EB7444354464EA0206A9
:101820001D444E407319089E424D04EBF32335448A
:1018300063EA01061544664072193F4D03EBB2623C
:10184000654462EA040629443C4D5E403144079EEB
:1018500002EBB151354461EA03062C44384D564041
:101860003D443444059E1D4401EB744464EA020384
:101870004B402B44334D04EBF32335440B9E15446E
:1018800063EA010262402A442F4D03EBB262354401
:10189000039E0D4462EA0401594029442B4D02EB9A
:1018A000B15135442A4E254461EA030454402C4486
:1018B000099D01EB74442E4464EA02051E4485EA46
:1018C00001039D1903681A440AEB040303EBF52393
:1018D0000260436083681C44C36819448460C1602B
:1018E0000DB0BDE8F08F00BF44EABEA4A9CFDE4B27
:1018F000604BBBF670BCBFBEC67E9B28FA27A1EA30
:101900008530EFD4051D880439D0D4D9E599DBE6BC
:10191000F87CA21F6556ACC4442229F497FF2A43E1
:10192000A72394AB39A093FCC3595B6592CC0C8F71
:10193000D15D84854F7EA86FE0E62CFE144301A3A1
:10194000A111084E827E53F735F23ABDBBD2D72A99
:1019500091D386EB094B036003F18833436003F1B5
:101960002943A3F59613A3F68B638360A3F1883311
:10197000C3600023C0E90433704700BF01234567FB
:101980002DE9F8431446026905460E46E300C2F30A
:10199000C50800F118079B18036122BF4369013392
:1019A000436112F4FC7F436903EB5473436114D029
:1019B000C8F1400907EB08004C4504D22246BDE8B7
:1019C000F84307F0A1BB403C4A464E4407F09CFB5D
:1019D000444439462846FFF76FFCA04606EB04094D
:1019E000B8F13F0FA9EB08010AD94022384607F0A9
:1019F0008BFB39462846A8F14008FFF75DFCEFE76E
:101A0000A1096FF03F02384602FB014206EB81114B
:101A1000D5E7000070B50B6901F1180506460C46C4
:101A2000C3F3C503EA18501C8022EA54C3F13F02F5
:101A3000072A1FD8002100F099F929462046FFF710
:101A40003BFC38220021284600F090F92369294602
:101A50002046236563696365FFF72EFC214610224B
:101A6000304607F051FB204658220021BDE8704067
:101A700000F07CB9C3F137020021E5E72DE9F84F0A
:101A80004FF47A7306460D46002402FB03F7DFF895
:101A90005080DFF8509098F900305FFA84FA5A1CB1
:101AA00001D0A34210D159F824002A4631460368D8
:101AB000D3F820B03B46D847854205D1074B0120DB
:101AC00083F800A0BDE8F88F0134042CE3D14FF473
:101AD000FA7004F049FE0020F4E700BFE433002070
:101AE0001022002014220020002307B50246012105
:101AF0000DF107008DF80730FFF7C0FF20B19DF80A
:101B0000070003B05DF804FB4FF0FF30F9E7000079
:101B10000A46042108B5FFF7B1FF80F00100C0B20A
:101B2000404208BD074B0A4630B41978064B53F8BB
:101B30002140014623682046DD69044BAC4630BC99
:101B4000604700BFE433002014220020A08601007B
:101B500070B50A4E00240A4D05F086FA30802868D8
:101B60003388834208D905F07BFA2B68044401339B
:101B7000B4F5003F2B60F2D370BD00BFE633002008
:101B8000A033002005F04ABB00F1006000F50030F2
:101B90000068704700F10060920000F5003005F029
:101BA000BFBA0000054B1A68054B1B889B1A83427D
:101BB00002D9104405F054BA00207047A033002029
:101BC000E633002038B50446074D29B12868204483
:101BD000BDE8384005F05CBA2868204405F046FAB4
:101BE0000028F3D038BD00BFA0330020002070478C
:101BF00000F1FF5000F58F10D0F80008704700008A
:101C0000064991F8243033B100230822086A81F88C
:101C10002430FFF7BFBF0120704700BFA43300206E
:101C2000014B1868704700BF0010005C194B013869
:101C30000322084470B51D68174BC5F30B042D0C27
:101C40001E88A6420BD15C680A46013C82421346BC
:101C50000FD214F9016F4EB102F8016BF6E7013AA9
:101C600003F10803ECD181420B4602D22C2203F887
:101C7000012B0424094A1688AE4204D1984284BF3D
:101C8000967803F8016B013C02F10402F3D1581A73
:101C900070BD00BF0010005C242200207492000878
:101CA000022804D1054B4FF400129A6170470128B5
:101CB000FCD1024B4FF40022F7E700BF001002589E
:101CC000022803D1044B20229A6170470128FCD1DD
:101CD000014B0822F8E700BF00100258022805D186
:101CE000064A536983F02003536170470128FCD1F1
:101CF000024A536983F00803F6E700BF0010025858
:101D000070B504464FF47A764CB1412C254628BF75
:101D1000412506FB05F0641B04F026FDF4E770BDC9
:101D2000002310B5934203D0CC5CC4540133F9E7CF
:101D300010BD0000013810B510F9013F3BB191F919
:101D400000409C4203D11AB10131013AF4E71AB1C3
:101D500091F90020981A10BD1046FCE70346024690
:101D6000D01A12F9011B0029FAD170470244034628
:101D7000934202D003F8011BFAE770472DE9F843BC
:101D80001F4D14460746884695F8242052BBDFF8BD
:101D900070909CB395F824302BB92022FF2148463F
:101DA0002F62FFF7E3FF95F824004146C0F10802D7
:101DB00005EB8000A24228BF2246D6B29200FFF770
:101DC000AFFF95F82430A41B17441E449044E4B29E
:101DD000F6B2082E85F82460DBD1FFF711FF00284A
:101DE000D7D108E02B6A03EB82038342CFD0FFF701
:101DF00007FF0028CBD10020BDE8F8830120FBE7D6
:101E0000A4330020024B1A78024B1A70704700BFAF
:101E1000E433002010220020F8B5194C194803F0D3
:101E20009BFF2146174803F0C3FF24684FF47A70E4
:101E3000154ED4F89020154DD2F80438114F43F0C8
:101E40000203C2F80438FFF75BFF2046104904F094
:101E5000BDF8D4F890200424D2F8043823F002030B
:101E6000C2F804384FF4E133336055F8040BB8423C
:101E700002D0314603F0CEFE013CF6D1F8BD00BFE2
:101E8000709A000818490020CC330020142200204A
:101E9000789A00080C4B70B50C4D04461E780C4B1C
:101EA00055F826209A420DD00A4B002118221846D8
:101EB000FFF75CFF0460014655F82600BDE870405E
:101EC00003F0A8BE70BD00BFE43300201422002040
:101ED00018490020CC3300202DE9F04771B6464B5D
:101EE00001201D68454BB3F8008000231A461946AF
:101EF00002F0D4FD0446802005F030FA07460028A1
:101F000062D0002C60D03E4EADB24FF0800A7369B3
:101F1000284643F0C0637361D6F8143143F0C063C0
:101F2000C6F8143105F09CF805EB080200FB05F338
:101F30004FF4D06C50434FF03D0E984233D9326984
:101F4000520144D4D6F81021510140D4216803F144
:101F500000628A602268D7602268C2F804A0226802
:101F6000C2F800C0D4F80090D9F8002042F0010275
:101F7000C9F80020D4F80090D9F8002022F01E0201
:101F8000C9F80020D4F80090D9F80020D207FBD47B
:101F900094F80C90803361680EFA09F20A60CCE77D
:101FA000002005F03BF9204602F0B8FD384605F068
:101FB00011FA134B5A6942F0C0625A61D3F81421E6
:101FC00042F0C062C3F8142161B6BDE8F0870D4B42
:101FD0009A6A42F400729A629A6A42F400429A62E1
:101FE00061B60026012005F019F9B045D8D9A81925
:101FF000013605F04DF8F8E7A0330020E633002065
:102000000020005200ED00E030B50A44084D914236
:102010000DD011F8013B5840082340F30004013B68
:102020002C4013F0FF0384EA5000F6D1EFE730BDF7
:102030002083B8ED0121884238BF084605F0C6B9B3
:1020400008B105F0C7B9704710B5084C012208491E
:10205000002001F0C1FE23783BB1064803F052FD99
:10206000044803F085FD0023237010BDE8330020F1
:1020700084920008C83600202DE9F041234C244EFC
:10208000236DBBB901224FF4004104F1500005F06B
:1020900009FB236D1B686BB901224FF4805104F1D9
:1020A000500005F0FFFA236D1B681BB9002030704B
:1020B000BDE8F08133780BB1FFF7C6FF0324154F5D
:1020C0004FF00008114D13492846C7F8048003F06B
:1020D00041FD284603F07AFB38B1013C284603F065
:1020E00047FD14F0FF04E1D0EDE70B4901220B4856
:1020F00001F072FE014618B1284603F003FDECE73B
:10210000074800F00FF80120D1E700BFC8360020D3
:10211000E83300203C22002084920008EC330020A9
:10212000889200080FB4002004B070470068704720
:1021300003460068596870470B0A017043700B0C26
:10214000090E8370C1707047110A027003714170EB
:10215000110C120E8170C2701A0A42711A0C1B0EF9
:102160008271C37170470000C36A0239023B8B421F
:1021700083BF4389006C01FB03000020704700000F
:10218000C2F307238A76CB760378032B01BF120CA8
:102190000A75120A4A75704700F10B010022D3013B
:1021A00043EA520310F8012B52FA83F38842DAB261
:1021B000F5D110467047000010B541780446002064
:1021C000013102464901022A16BFA35C032203EB38
:1021D000C03302F101021EBF9BB203EB500398B261
:1021E0009142F0D810BD000002684AB1134613F8BE
:1021F000011B1F290DD93A29F9D1911C8B4202D01C
:102200004FF0FF3070471278302AF9D10360002078
:102210007047014B187870473836002038B50D46A6
:10222000044618B9092000232B6038BD0368002B31
:10223000F8D01A78002AF5D08188DA889142F1D155
:10224000587804F02DFC10F00100EBD12368EBE787
:1022500038B50D4640F25231144602F0B9F9FF2864
:1022600007D9012C0BD9030A022468702B70204671
:1022700038BD30B1002CFAD001242870F7E70024D3
:10228000F5E70446F3E700002DE9F8430026D0F80F
:10229000008005460C468E76836B002B4AD098F85A
:1022A0000030042B4BD133463546402720E0B7F5AC
:1022B000187F80F0C480F90606F1010608BF0237D6
:1022C000D05B02372BB900F5205292B2B2F5006F05
:1022D0000DD305F11A01C5F1FF0240EA0340214484
:1022E000FFF7B6FF002800F0AA800544002003464F
:1022F000D8F8102092F82310B142D8D8002B40F023
:102300009E80002D00F09B8000232544AB766373F4
:10231000D8F81020137903F03701DB0621730BD4B2
:1023200002F13800FFF704FFC4E9000193896381DB
:10233000D3892381BDE8F88300200146F4E7C36C0C
:1023400001335ED1EA6B00232E26551E184615F880
:10235000011F013020290CD0052908BFE5210928DB
:1023600004D10B2B9EBFE71801337E73E7180133AE
:1023700079730B28EBD1E11800204873A17E002966
:102380004BD1002B40D06FF00C0604F10D00082556
:10239000361B331810F8011B002938D02E298BB2B8
:1023A0004AD0A3F14101192903D8117B0D4200D075
:1023B00020330373EDE7B9F1000F05D100F5205389
:1023C0009BB2B3F5006F0BD307F11A01C7F1FF02FF
:1023D00040EA09402144FFF73BFF48B10744002091
:1023E00002368146D8F80C30985B0028E3D1384695
:1023F000B9F1000F4FF0000218BF002023189A76A1
:10240000A0E7B1463746EDE73F23A37601232344F7
:1024100000219976137B03B96373D37A02F11C0010
:1024200003F03F0323730023FFF780FE2060636007
:10243000D38A6381138B7CE710250B46B9E73F23D2
:102440000125A37660E7000038B50546002435F87D
:10245000020B08B9204638BD02F0EEF86308C2B29C
:1024600003EBC43312FA83F39AB2C0F3072303EBEE
:10247000520303EBC2339CB2E9E7000037B5C378DF
:1024800004461BB90025284603B030BD00F14C01BD
:10249000826C01234078019104F028FB054680B945
:1024A000A36BE070A06C226BC31A9342EAD2A378AC
:1024B0000199022BE6D102440123607804F016FB57
:1024C000E1E70125DFE7000038B5836C05460C46DF
:1024D0008B4210D0FFF7D2FF60B92246012305F1ED
:1024E0004C01687804F0DEFA00281CBF4FF0FF347E
:1024F0000120AC6438BD0020FCE7000038B50023A3
:102500000446C3704FF0FF338364FFF7DDFF0028FC
:102510004BD1B4F84A524AF655239D4207D10B22BB
:10252000254904F14C0006F0DFFD00283FD094F867
:102530004C30EB2B03D01833DBB2012B2ED84AF6EC
:1025400055239D4206D108221C4904F19E0006F045
:10255000CBFD48B3B4F85730B3F5007F1ED194F8E3
:102560005930DBB15A1E1A4218D1B4F85A30ABB107
:1025700094F85C30013B012B10D8B4F85D306BB19E
:10258000B4F85F307F2B06D804F16C00FFF7CEFD66
:10259000B0F5803F02D3B4F8623053B94AF6552003
:1025A00085420CBF0220032038BD0420FCE7012037
:1025B000FAE70020F8E700BFB4920008C0920008D4
:1025C00002392DE9F04701F007044FF0010A466C8B
:1025D00005460AFA04F41746984606EB1136C1F38D
:1025E000C809E4B2314628460136FFF76DFF18B13D
:1025F0000120BDE8F087994605EB090292F84C30BE
:10260000234214BF01210021414513D06340013F03
:1026100082F84C3085F803A0EBD0640014F0FF047E
:10262000EAD109F1010301244FF00009B3F5007F5D
:10263000E1D1D7E70220DCE701290246F8B50C46D4
:1026400040F28C800668F36A8B4240F287803378D0
:10265000013B032B00F28280DFE803F00229384BB4
:1026600004EB5405B16B304601EB5521FFF72CFF0D
:1026700010B14FF0FF30F8BD6F1CC5F30805B16B0A
:102680003046354401EB572195F84C50FFF71CFFBD
:102690000028EED1C7F30807E3073E4496F84C0044
:1026A00045EA00204CBF0009C0F30B00E3E7B16B23
:1026B000304601EB1421FFF707FF0028D9D1640051
:1026C00004F4FF742644B6F84C00D4E7B16B3046EE
:1026D00001EBD411FFF7F8FE0028CAD1A40006F1DF
:1026E0004C0004F4FE742044FFF720FD20F07040FD
:1026F000C1E7D0E90430D57953EA000101D09168EF
:1027000001B95DBB9168022DA4EB01010DD1013B24
:10271000728940F1FF305B0A43EAC053B3FBF2F326
:1027200099421BD81CD0601CA5E7032D02D19369E8
:102730008B42F8D8D3699BB9B16B304601EBD41109
:10274000FFF7C2FE002894D1A0004C3600F4FE70C2
:102750003044FFF7EBFC20F000408CE701208AE7D3
:102760006FF0004087E70000F8B5066804460D46A4
:102770003378042B0CBF4FF080524FF400128A4282
:1027800001D80220F8BDCA06FBD182680163D2B924
:10279000022B13D83389B3EB551FF2D9F36BA36324
:1027A000A36B6263002BECD003EB55234C36C5F3CF
:1027B00008050020A3633544E563E3E7F36BC271CA
:1027C000002BE7D01A4677897F02BD42114604D21A
:1027D0003046FFF7C9FCA063E2E72046FFF72CFF75
:1027E000431C024606D00128CBD9F36A8342C8D9DC
:1027F000ED1BEAE70120C5E701292DE9F047064670
:102800000C46174608D9C36A8B4205D90378022BB8
:1028100062D003D8012B22D0022552E0033B012BCA
:10282000FAD8816B01EBD411FFF74EFE0546002864
:1028300047D1A40006F14C0304F4FE741C44337821
:10284000042B07D0204627F07047FFF76FFC00F0FD
:102850007040074339462046FFF76EFC2FE001EB3E
:102860005108816B01EB5821FFF72EFE054640BB56
:1028700014F0010406F14C0908F1010AC8F3080834
:1028800008BFFBB230461FBF19F8083003F00F0233
:102890003B0103F0F00318BF134309F8083001238C
:1028A000B16BF37001EB5A21FFF70EFE054640B9FC
:1028B000CAF3080A44B1C7F3071709F80A700123DD
:1028C000F3702846BDE8F08719F80A30C7F30327EC
:1028D00023F00F031F43F0E7816B01EB1421FFF797
:1028E000F3FD05460028ECD1640006F14C0304F426
:1028F000FF741F551919C7F307274F70DFE7000052
:10290000F8B504460E461746E3690BB91846F8BDFC
:10291000012BA6EB0305206814BFAA1C3A46691CCC
:10292000FFF76AFF0028F2D1E369013BE361EBE7BF
:1029300001292DE9F84306460C461746056802D8DA
:102940000220BDE8F883EB6A8B42F9D97AB9A14637
:1029500021463046A046FFF76FFE0446B0B92B78FB
:10296000042B02D1002F43D1F7710020E9E72B7827
:10297000042B02D1C379022BE9D04FF0FF32394644
:102980002846FFF739FF0028E1D0DAE70128D7D041
:10299000421C01D10120D4E72B78042B19D1EA6A1B
:1029A000AB69023A93421CD308F10102A2420CD057
:1029B0002B78042B08D10023A2EB090249462846B4
:1029C000FFF7FEFD0028BCD1A146EB6AA342BFD8A9
:1029D000C5E7002241462846FFF70EFF0028DED05B
:1029E000AFE70133AB612B7943F001032B71DBE7D8
:1029F000F3798BB9B468BC4202D10223F371B4E716
:102A000021463046FFF718FE012899D9431CC1D052
:102A100001348442EFD0A8E7032BA6D1B368BB42B0
:102A2000A3D8B2691344BB429FD3E6E770B5C3791C
:102A30000446032B06D181688369CD18A94203D1CE
:102A40000023E371002070BD4E1C20683246FFF762
:102A5000D3FE0028F7D13146F0E700002DE9F74317
:102A600005460191FFF70AFD0446002849D105F10A
:102A70004C09019928464FF40072FFF775FB214677
:102A8000A86407464846FFF771F96C896402B4F5FB
:102A9000004F28BF4FF40044B4F5007F2FD92046E3
:102AA00004F09CFC804630B122460021640A0026D6
:102AB000FFF75CF909E06408EEE72346BA194146DE
:102AC000687804F013F818B926446B899E42F4D351
:102AD000404604F093FC6889801B18BF012003B0B6
:102AE000BDE8F08301366B899E42F4D20123BA1906
:102AF0004946687803F0FAFF0028F3D0EBE7002698
:102B0000F1E70120EBE70000F8B50446FFF7B6FC5B
:102B10000546002842D12378032B37D12779012F8E
:102B200034D104F14C0601464FF400723046FFF7F1
:102B30001DF955234122722184F84A32AA2304F553
:102B40000D7084F84F2084F84B32522384F83012F1
:102B500084F84C3084F84D30612384F8311284F8C5
:102B60004E3084F83332A16984F83222FFF7E4FA58
:102B7000616904F50E70FFF7DFFA626B3B46314680
:102B800001326078A26403F0B1FF25710022607801
:102B9000114603F0CFFF003818BF0120F8BD000038
:102BA00000232DE9F0430B6085B00F461546FFF773
:102BB0001BFB061EC0F2B281804B53F82640002C4E
:102BC00000F0AE813C6005F0FE0523786BB16078C3
:102BD00003F066FFC70708D41DB110F0040500D04C
:102BE0000A25284605B0BDE8F0830023F0B2237023
:102BF000607003F041FFC10700F194810DB14207FD
:102C0000EED400212046FFF779FC022840F099809D
:102C10006E4604F2122304F2522132461846103353
:102C2000FFF784FA42F8040B8B42F7D1002556F8DF
:102C3000041B00297DD02046FFF760FC012879D8CD
:102C40000128A26C40F0C08004F1570304F18C010C
:102C500013F8015B002D7BD18B42F9D1B4F8B4306D
:102C6000B3F5807F74D194F8B830092B70D104F19A
:102C70009400FFF75DFA4FF0FF33171841F10001A0
:102C8000BB4275EB010363D304F1A000FFF74EFADA
:102C900094F8BA302063012BA37059D194F8B990FD
:102CA00003FA09F91FFA89F36381002B50D0444BD2
:102CB00004F1A800FFF73AFA0646984248D8831C68
:102CC000626304F1A400E362FFF730FA00EB02084C
:102CD00004F19C00C4F84080FFF728FA10441FFA62
:102CE00089F2A06306FB02F313EB080345EB050230
:102CF0009F4271EB02032BD32E4604F1AC00FFF789
:102D000015FAE06365B96389B34221D9E16B2046C6
:102D1000FFF72AFA81192046FFF7D6FB98B901364A
:102D2000631993F84C30812B14D02035C5F3080576
:102D3000E8E703200135042D7FF479AF042807D19B
:102D400001E0042801D101254BE701287FF678AF87
:102D50000D2546E705F1140004F14C063044FFF759
:102D6000E5F901280546F3D9E36A8342F0D9618980
:102D7000821E236C02FB01336364A16B204601EBCE
:102D8000D511FFF7A1FB0028DDD105F07F0006EB90
:102D90008000FFF7CBF9431C03D00135A842ECD0EB
:102DA000D6E70425C4E90500064A257000251388E6
:102DB000E56101339BB21380E38012E73C360020CB
:102DC000FDFFFF7F40360020B4F85730B3F5007F99
:102DD000BED1B4F8626026B904F17000FFF7A6F91D
:102DE000064694F85C302663591EA3700129AFD8BB
:102DF00094F859506581002DAAD0691E2942A7D1A7
:102E0000B4F85D8018F00F0FA4F80880A0D1B4F8D2
:102E10005F0018B904F16C00FFF788F9B4F85A1094
:102E2000002995D006FB03FE01EB181CF444604515
:102E30008ED3A0EB0C00A842B0FBF5F388D33E483C
:102E4000834285D84FF6F57083426DD903259F1CC8
:102E5000114402EB0C03032DE7626263A163236458
:102E60004CD1B4F8763053EA08037FF471AFBB005D
:102E700004F17800FFF75AF9E06303F2FF13B6EBB1
:102E8000532FFFF465AF4FF0FF33032DC4E9053333
:102E90004FF08003237187D1B4F87C30012B83D1AC
:102EA000511C2046FFF710FB00287FF47DAFB4F8DB
:102EB0004A224AF6552320719A427FF475AF1F4B80
:102EC00004F14C00FFF732F998427FF46DAF03F143
:102ED000FF5304F50C70FFF729F903F50053203375
:102EE00098427FF461AF04F50D70FFF71FF9A06100
:102EF00004F50E70FFF71AF9606155E7B8F1000F9D
:102F00003FF426AF7144022D4FEA4703E1631EBF31
:102F1000D91907F0010303EB5103AEE70B2560E677
:102F20000C255EE603255CE640F6F575AB428CBFEA
:102F3000022501258BE700BFF5FFFF0F52526141CB
:102F40002DE9F84F07460568884649B96E69C6B14C
:102F5000EB6AB34298BF0126AB69A3B9002405E030
:102F6000FFF76AFB0128044603D801242046BDE888
:102F7000F88F421C00F0D280EB6A8342F6D84646B6
:102F8000EAE70126E8E72A78EB6A042A40F0838022
:102F9000A6F1020A023B4FF0010B9A4528BF4FF001
:102FA000000AD146696C284601EB1931FFF78CFA0B
:102FB00000283BD109F00703EA6AC9F3C8010BFAFC
:102FC00003F3901EDBB26A184C4609F1010992F82E
:102FD0004C20814502EA030233BF5B0000234FF41B
:102FE0000071DBB228BF9946B2B90234631E0333C5
:102FF000BCD80123214628461A46FFF7E1FA0228E9
:10300000B3D0012800F08A80B8F1000F13D1022359
:10301000FB710028A9D130E0CA450AD0002BD2D1DB
:103020000131B1F5007FBDD20123CCE74FF0FF3471
:10303000DCE70024DAE7FB79022B07D1731CA342FB
:10304000E7D0BB68F31ABB610323FB7108F10102EF
:10305000FB69A24205D113B10133FB61D9E7022319
:10306000FBE70BB90123FB61224641463846FFF7D7
:1030700047FC00284FD10123FB61EA6AAB69023AA1
:103080006C6193429CBF03F1FF33AB612B7943F03A
:1030900001032B716AE7464514D1741C3846A342DC
:1030A00098BF02242146FFF7C7FA01283FF45DAF1D
:1030B000431C33D0E0B16B69012B03D9EA6A934218
:1030C00038BF1E4634460134EB6AA34203D8012EB2
:1030D0007FF644AF022421463846FFF7ADFA48B1E7
:1030E00001283FF442AF013018D0B442EBD135E7AC
:1030F000002CE7D04FF0FF3221462846FFF77CFB3B
:1031000048B9B8F1000FB8D0224641462846FFF72B
:1031100073FB0028B1D001287FF427AF4FF0FF34B4
:1031200024E700002DE9F84306680446076B89464A
:1031300033782037042B0CBF4FF080534FF400132B
:10314000BB429CBF00238363836B73B1C7F3080842
:10315000B8F1000F3CD10133416B836339B9338936
:10316000B3EB571F34D80023A36304200AE073890C
:10317000013B13EA57232BD1FFF75EFA01280546DE
:1031800002D80220BDE8F883421C01D10120F9E7F2
:10319000F36A834216D8B9F1000FE4D0616B204680
:1031A000FFF7CEFE0546C8B10128EAD0431CEDD09A
:1031B00001463046FFF752FC0028E7D1E37943F09F
:1031C0000403E371294630466563FEF7CDFFA06333
:1031D0004C36002027634644E663D3E70720D1E757
:1031E000F8B50E46002104460768FFF7BDFA98B906
:1031F0000546A16B3846FFF767F968B93A78E36B83
:10320000042A1B780CD11B060ED505460121204649
:10321000FFF788FF0028ECD0042808BF072006E04D
:10322000E52B01D0002BF0D10135B542EED1F8BD30
:10323000C16C4B1C2DE9F04104460568066B1FD19B
:10324000E5274FF00108A16B2846FFF73DF998B933
:103250002A78E36B042A09BF1A781F7002F07F02F4
:103260001A7085F80380236BB3420DD200212046EB
:10327000FFF758FF0028E6D0042808BF022003E02B
:10328000FFF772FA0028DBD0BDE8F0812DE9F041AC
:1032900005460068A96B0669FFF716F9044620B9D0
:1032A000EB6B1A78852A03D002242046BDE8F08112
:1032B000324603F1200153F8040B8B4242F8040B11
:1032C000F9D1777801377F01A7F16003B3F5007F6B
:1032D000EAD800212846FFF725FF04280446E3D05A
:1032E0000028E2D1A96B2868FFF7EEF80446002811
:1032F000DBD1EB6B1A78C02AD6D106F1200203F19C
:10330000200153F8040B8B4242F8040BF9D196F8D4
:1033100023300F222C33B3FBF2F3B7EB431FC3D39D
:103320004FF0400800212846FFF7FCFE0428044621
:10333000BAD00028B9D1A96B2868FFF7C5F80446B0
:103340000028B2D1EB6B1A78C12AADD1B8F5187F3D
:1033500009D206EB080203F1200153F8040B8B425B
:1033600042F8040BF9D108F120084745DAD8B8F53E
:10337000187F9AD83046FEF71FFF7388834294D097
:1033800092E700000B68002210B5036004460B6A48
:1033900083604B6AC261C37123F0FF03896AC0E98D
:1033A0000432C164FFF7E0F920B92046BDE81040BF
:1033B000FFF76CBF10BD0000F8B503680546012794
:1033C0001C692046FEF7F8FEA070000A6678E070DF
:1033D0002846E96CFFF7C8F920B1022828BF02206F
:1033E000C0B2F8BDA96B2868FFF76EF80028F4D1C9
:1033F000EB6B04F1200254F8041B944243F8041BC5
:10340000F9D12B68DF70002EE7D000212846013E5D
:10341000FFF788FEE0E700002DE9F8434FF0FF08D2
:1034200006460768042445464FF6FF79B16B11B98B
:10343000002C73D063E03846FFF746F804460028B6
:103440005DD1F06B0378002B6ED03A78042A11D14D
:10345000852B4DD1336B3046F364FFF717FF0446DD
:1034600000284CD13B691B7903F03F03B371204620
:10347000BDE8F883C27AE52B02F03F02B27143D077
:103480002E2B41D022F0200108293DD00F2A40D117
:10349000590637D503F0BF05336B90F80D80F36400
:1034A000437B434530D1428B72BB03780D21FC68CE
:1034B00023F04003DFF874E0013B4B4301211EF889
:1034C00001CB30F80CC009B3FF2B1DD824F813C072
:1034D0006146013301320D2AF1D10278520605D539
:1034E00021B1FF2B10D8002224F81320013DEDB2AA
:1034F00000213046FFF716FE0446002896D0002330
:10350000B363B4E7AB42CBD0FF25F1E7CC45E1D0C4
:10351000FAE72DB9FEF740FE404501D10024A6E7A9
:103520004FF0FF33F364A2E70424E8E75C9300085C
:103530002DE9F04F002187B00446D0F80090FFF746
:1035400013F9804670B999F80030042B33D1D9F8BB
:103550000C00FEF779FF07462046FFF75DFF0546A2
:1035600020B18046404607B0BDE8F08FD9F8103052
:103570009A8CBA42F0D193F823B040265D4506D12B
:10358000D9F80C3033F81530002BE5D1EAE7F10615
:10359000D9F8103008BF0236985B01F04DF8D9F821
:1035A0000C30824633F8150001F046F88245D3D13D
:1035B00002360135E2E74FF0FF0A4FF0FF3B554678
:1035C000C4F84CB0A16B4846FEF77EFF00285CD1E2
:1035D000E66B3778002F77D0F27AE52F02F03F03C1
:1035E000A37103D0120704D50F2B04D0C4F84CB03C
:1035F0004FE00F2B54D194F84B3058063FD4790646
:1036000045D5236B07F0BF0796F80DA0E364737BE5
:1036100053453ED1738B002B3BD135780121D9F82E
:103620000C3005F03F0501930D23013D5D43284B10
:1036300013F8012BB25A71B3FF2D059329D8104608
:10364000049200F0F9FF6B1C03900293019B33F886
:10365000150000F0F1FF039981421AD1049A029DEE
:103660001146059B1B4A9342E2D133785A0604D592
:1036700019B1019B33F815305BB97D1EEDB2002105
:103680002046FFF74FFD00289CD080466AE7BD42E8
:10369000BDD0FF25F3E74FF6FF708242E2D0F8E796
:1036A0002DB93046FEF778FD50453FF45BAF94F8F6
:1036B0004B30DB079AD40B2204F14001304605F071
:1036C00013FD002892D14DE74FF004084AE700BFF0
:1036D0005C930008699300082DE9F04F90F84BB017
:1036E00099B004461BF0A00540F068810668F268B6
:1036F00032F81530002B4AD13378042B40F0878004
:103700000F230E352046B5FBF3F5A91CFFF768FD26
:103710008146002877D1236B0135A3EB4515E3796A
:103720005A07E56435D523F004032046E371FFF71B
:103730007DF950BB4FF0FF32616B2046FFF7E0F898
:1037400018BBA3682BB3214604A8FFF71BFEE0B902
:1037500070894FF40071D4E90423E0FB0123306940
:10376000C4E904233830FEF7EFFC3069D4E90423C0
:103770002830FEF7E9FCE379326904A843F001033D
:1037800082F82130FFF718FE18B181463BE0013581
:10379000AEE7D6E90354402200212046FEF7E6FAC0
:1037A0008523012140222370C0234FF0C10C04EB7C
:1037B000010884F8203000231E469E46571C04F85A
:1037C00002C0F0B2023204F807E021B135F813105C
:1037D00009B10133DBB20F0AA15408F802700232BA
:1037E000D706F2D135F813700136002FE6D184F8F0
:1037F0002330831C28466370FEF726FE84F82400DD
:10380000000A84F82500484619B0BDE8F08F04F19D
:1038100040070DF1100A1BF0010F97E807008AE836
:10382000070000F0D38040234FF0010884F84B30AC
:10383000BC46F368B8F1050F9AE80700ACE803004E
:103840002CF8022B4FEA12428CF8002059D9981E0E
:10385000424630F8021F002942D10DF10F0C07211A
:1038600002F00F0E914612090EF13000392888BF80
:103870000EF1370001390CF8010902D0B9F10F0F30
:10388000EED818AB7E205A1802F8580C38460022A1
:10389000914206D010F801CB02F1010EBCF1200FCD
:1038A00031D104F13F0C072902F1010297BF18AB97
:1038B00020205818013198BF10F8580C072A0CF82E
:1038C0000200F0D92046FFF733FE8146002878D168
:1038D00008F10108B8F1640FAAD14FF0070992E787
:1038E0004FF0100C01F0010E49080EEB4202D30319
:1038F00044BF82F4883282F02102BCF1010CF1D184
:10390000A7E74246A9E77246C2E7216B2046A1EB32
:103910004511FEF729FF814600287FF474AF4FF66A
:10392000FF783846FEF738FC0190A16B3046FEF771
:10393000CBFD814600287FF466AFE36BE9B2019AC4
:103940004FF00D0CD6F80CE05A734FF00F02DFF871
:10395000E0A0DA724A1E18730CFB02F284469876D5
:10396000D87640451AF8019B0CF1010C18BF3EF8BF
:10397000120003EB090B18BF013203F809004FEAEC
:103980001029002808BF4046BCF10D0F8BF80190AC
:10399000E7D1404502D03EF812200AB941F040017B
:1039A0001970012300212046F370FFF7BBFB81460D
:1039B00000287FF428AF013DB7D11BE04FF0060986
:1039C00021E704287FF41FAF84F84BB01BF0020FEF
:1039D00020461BBF0C350D210125B5FBF1F518BFA5
:1039E00001352946FFF7FCFB814600287FF40BAF29
:1039F000013D8AD1A16B3046FEF766FD8146002865
:103A00007FF401AF01462022E06BFEF7AFF9E36BD4
:103A100003CF18605960BA7839889A72198194F87E
:103A20004B30E26B03F0180313730123F370EAE6E3
:103A30005C93000810B504460A463430FEF776FB66
:103A4000886004F13800FEF773FBC2E9040194F8C2
:103A5000213003F00203D3710023D36110BD0000B5
:103A600003284B8B04BF8A8A43EA024318467047F7
:103A70002DE9F04F0B7899B0044689462F2BD0F8EA
:103A800000B001D05C2B09D14A461378914601322F
:103A90002F2BFAD05C2BF8D0002301E0DBF81C3090
:103AA000A3600023E3619BF80030042B1ED1A368C0
:103AB000E3B1DBF82030214604A82362DBF8243090
:103AC0006362DBF82830A362FFF75CFC0346002842
:103AD00054D1DBF8102002F13800FEF727FBC4E9CF
:103AE000040392F8213003F00203E37199F80030E7
:103AF0001F2B00F2358180230021204684F84B30B3
:103B000019B0BDE8F04FFEF72FBE49460B78894645
:103B100001312F2BFAD05C2BF8D01F2B8CBF002546
:103B20000425012F2FD113882E2B31D1002322F809
:103B3000173004F140029F428CBF2E212021013317
:103B40000B2B02F8011BF6D145F02005204684F826
:103B50004B50FFF7EDFC94F84B30002800F0E78065
:103B600004280BD1990603F0040240F1DC80002AFE
:103B700000F0F6808023002084F84B3019B0BDE8B7
:103B8000F08F0425CDE7022F02D153882E2BCAD007
:103B9000911E87BB002322F81730002F00F01181FF
:103BA00032F81300194601332028F9D009B92E281C
:103BB00001D145F00305901E30F817302E2B01D0AF
:103BC000013FF9D14FF020334FF0000A6364D04633
:103BD0002364C4F847300823481C32F81160009071
:103BE000F6B1202E03D02E2E0DD1B84210D045F0C4
:103BF00003050099F0E731F81730202B01D02E2B68
:103C0000C8D1013FC5E79A4505D20099B9423BD1D9
:103C10000B2B30D101E00B2B27D145F003050B23F3
:103C200094F84020E52A04BF052284F84020082BA0
:103C300004BF4FEA88085FFA88F808F00C030C2BE1
:103C400003D008F00303032B01D145F00205A807B8
:103C50003FF57CAF18F0010F18BF45F0100518F0C4
:103C6000040F18BF45F0080570E70099B94202D06B
:103C700045F00305D4D84FEA88080B234FF0080A13
:103C800000975FFA88F8B4E77F2E15D9304640F2E6
:103C90005231CDE9022345F00203019300F098FC74
:103CA00010F0800F0646DDE9022316D000F07F06F3
:103CB00046498E5D019D46B331464548CDE9012315
:103CC00005F03CFADDE90123F8B9A6F1410189B21A
:103CD00019291ED848F0020810E0FF28EAD9591E19
:103CE0008A4503D345F003059A4682E704EB0A01AF
:103CF000000A0AF1010A019D81F8400004EB0A0163
:103D00000AF1010A81F8406073E745F003055F2678
:103D1000F4E7A6F1610189B219299EBF203E48F05F
:103D20000108B6B2EAE7002A08BF052026E75A07CD
:103D30003FF524AFA379DB0645D59BF800000428A6
:103D400035D1A3682146E27923622369DBF81000AC
:103D500023F0FF0313436362E36CA362FFF76AFE81
:103D600023680027DA6819F8010B00283FF409AF2F
:103D700040F25231009200F04BFC054608B31F2878
:103D8000009A7FF6FEAE2F283FF4BFAE5C283FF4CA
:103D9000BCAE7F2805D801460E4805F0CFF9009A41
:103DA00078B9FF2F0DD022F817500137DBE7216BD0
:103DB0000BF14C03C1F308011944FFF751FEA06059
:103DC000CEE70620DAE60520D8E600BFDC92000840
:103DD000D5920008CC9200081FB5CDE9001003A8C9
:103DE00014460391FEF700FA002815DB0B4A52F83F
:103DF00020300BB100211970019B0BB1002119700B
:103E000042F820302CB1002201A96846FEF7C8FE16
:103E10000446204604B010BD0B24FAE73C360020CF
:103E20002DE9F04798B0904605460191002800F032
:103E3000528102F03F0603A901A83246FEF7B0FE08
:103E4000002840F04681039B4FF48C60049303F0FC
:103E5000C5FA0746002800F04081039B00F5007278
:103E60000199D86004A81A61FFF702FE044620B940
:103E70009DF95B30002BB8BF062418F01C0F00F032
:103E8000CD80002C4CD0042C40D104A8FFF724FC9A
:103E9000044600283AD146F00806039B1A78042A03
:103EA00040F08380186929462B60FFF7C3FD039B10
:103EB0001E22002118690230FDF758FF039C0021E3
:103EC0001A2220692630FDF751FF236920221A713A
:103ED000246903F0BDFA0146012208342046FEF7AA
:103EE0002BF9039B04A81B6983F82120FFF764FAD0
:103EF000044658B9A96801B302462846FEF718FDE2
:103F0000AB68039A0446013B5361B4B1384603F0F1
:103F100075FA0CB100232B60204618B0BDE8F0877D
:103F20009DF8163013F0110F40F0848018F0040F44
:103F300040F0C98018F0080FAFD1039A31071399E8
:103F4000936C48BF46F04006E964AB6410780428DF
:103F500072D1069B9DF817102B62089B106923F005
:103F6000FF030B4329466B62179BAB62FFF762FDB1
:103F7000DDF80CA00024002205F15008BAF8063044
:103F800021464046C5F800A0AB80002385F830608C
:103F900085F831406C64C5E90E234FF40072FDF7DB
:103FA000E5FEB20653D40024B0E703F051FA01460F
:103FB000009013980E30FEF7BFF813980099163052
:103FC000FEF7BAF8039C13992078FFF749FD2023E8
:103FD00000228046CB7220461399FEF7D1F8139B3E
:103FE000002201211A775A779A77DA77039BD970E2
:103FF000B8F1000FA1D0414604A8D3F84890FEF7CD
:1040000097FC0446002881D149460398FEF75CFAE4
:10401000039B044608F1FF30586176E7002C7FF4DB
:1040200075AF9DF81630DC064FD418F0020F84D01F
:10403000D80782D5072469E7FFF712FD0023A8609F
:1040400001F11C00FEF772F86B61286190E7D5E979
:10405000046956EA0903A6D0BAF80AA0A9684FEA8B
:104060004A2AC5E90E69B24574EB09031BD3002443
:104070002964002C7FF44AAFC6F30803002B92D0CA
:10408000039C2046FEF770F808B3760A01234146E8
:1040900046EAC95682196A64607802F003FD041E7C
:1040A00018BF012432E72846FEF7C6FAB6EB0A0627
:1040B000014669F10009012803D9431CD3D1012429
:1040C000D6E70224D4E7082420E704241EE70224CC
:1040D0001CE704461EE709241EE711241CE7000024
:1040E0002DE9F04F994685B00023884603A9044680
:1040F000C9F800301646FEF791F8054680BB94F8E3
:1041000031506DBB94F8303013F00103009300F090
:10411000A68004F1500AD4E90432D4E90E011B1A36
:1041200062EB0102B34272F1000238BF1E46BEB11B
:10413000D4E90E10C1F30803002B40F08280039BEA
:104140005A894B0A013A43EAC0531A401BD151EA3B
:10415000000309D1A06801280DD8022584F8315048
:10416000284605B0BDE8F08F216C20460192FEF78D
:1041700063FA019AEFE7431C04D10123009D84F800
:104180003130EDE72064DDF80CB0216C5846FDF7C6
:10419000EBFF0028E1D0B6F5007F02EB000731D33A
:1041A000BBF80A1002EB5620730A88429BF8010004
:1041B00088BF8B1A3A464146019302F073FC0028EF
:1041C000DBD194F93020019B002A0BDA606CC01B14
:1041D000984207D24FF40072514608EB4020FDF799
:1041E0009FFD019B5F02D9F80030F61BB8443B44A9
:1041F000C9F80030D4E90E32DB1942F10002C4E9FB
:104200000E3294E7626CBA421AD094F93030002B27
:104210000DDA012351469BF8010002F067FC0028EB
:10422000ABD194F8303003F07F0384F8303003983A
:1042300001233A465146407802F034FC00289CD1D4
:104240006764A16B4046C1F30801C1F50077514492
:10425000B74228BF37463A46FDF762FDC3E7072558
:104260007EE7000070B596B00E460022019002A9CC
:1042700001A8FEF795FC0446E0B94FF48C6003F00A
:10428000ADF80546D8B1029B00F500720199D860DF
:1042900002A81A61FFF7ECFB044640B99DF95330C0
:1042A000002B0ADB1EB1314602A8FDF7EDFF2846C0
:1042B00003F0A4F8204616B070BD0624F7E71124D9
:1042C000F8E7000070B5B8B00222019003A901A878
:1042D000FEF766FC044608BB039B4FF48C6010930A
:1042E00003F07CF80546002866D0039B00F50072B9
:1042F0000199D86010A81A61FFF7BAFB044650B9BB
:104300009DF88B30980655D4190653D49DF8463045
:10431000DA0706D50724284603F070F8204638B09F
:1043200070BD039B04931878042814D104A918695C
:10433000FFF780FB069E9DF84630DB0610D410A8E0
:10434000FEF776FF04460028E5D156BB0398FEF73A
:10435000DBFB0446DFE71F99FFF782FB0646EAE72F
:10436000039BDA69B242D5D024930021269624A873
:104370001B78042B01BFDDE90823CDE928239DF834
:1043800017308DF89730FEF7EFF904460028C2D1B8
:1043900024A8FFF741F804460028BBD00428BAD16E
:1043A000CDE70246314604A8FEF7C2FA04460028CB
:1043B000B1D1CBE70624AEE71124AFE7F0B5BDB02D
:1043C000CDE900106846FDF70FFF022203A901A8FE
:1043D000FEF7E6FB0446002841D1039B4FF48C60B6
:1043E000149302F0FBFF0546002800F0EE80039BCB
:1043F00000F5007214AE0199D8601A613046FFF7DB
:1044000037FB044640BB9DF89B3013F0A00F40F0F3
:10441000D880039B009F1A78042A68D11B6904ACDA
:1044200003F1400C1868083353F8041C2246634516
:1044300003C21446F6D15022314628A8FDF770FC7D
:10444000394628A8FFF714FB044600284CD12A9AC5
:10445000169B9A4206D00824284602F0CFFF204639
:104460003DB0F0BD349A209B9A42F4D128A8FFF7C2
:1044700033F904460028EFD1039B04AF1B6993F87E
:1044800001E093F823C09C8C3A46083303CAB24239
:1044900043F8080C43F8041C1746F5D1039B28A8E1
:1044A0001B6983F801E0039B1A6982F823C01A692B
:1044B00082F82440240A82F825401A691379D90623
:1044C0005CBF43F020031371FEF776FF044600281B
:1044D000C2D13046FEF7ACFE04460028BCD103989A
:1044E000FEF712FB0446B7E70428B5D1BEE7239ACE
:1044F00004AB02F1200C1068083252F8041C1C4670
:10450000624503C42346F6D15022314628A8FDF760
:1045100007FC394628A8FFF7ABFA044600284CD11F
:104520002A9A169B9A4296D1349A209B9A4292D10B
:1045300028A8FFF7D1F8044600288DD137990DF14E
:104540001D030DF12D0001F10D0253F8044B8342C0
:1045500042F8044BF9D11888012710809B7893709A
:104560009DF81B30039CDA0658BF43F02003CB7242
:10457000E770CB7ADB06ACD5169A2A9B9A42A8D074
:104580002078FFF76DFA01462046FDF7EDFD014664
:10459000C8B12046FDF798FF044600287FF45CAFC1
:1045A000039890F86D302E2B93D12A9A00F16C016C
:1045B000FDF7E6FD039BDF708BE704287FF44CAF2B
:1045C000B6E7062448E7022446E7112447E700003F
:1045D0007F2810B501D880B210BDB0F5803F13D24E
:1045E00040F2523399420FD10849002231F8024B70
:1045F00093B2844203D103F18000C0B2ECE70132F0
:10460000802AF3D11346F6E70020E5E71C96000860
:104610007F280DD940F25233994208D1FF2806D89D
:1046200000F10040034B803833F810007047002041
:10463000704700BF1C960008B0F5803FF0B522D24D
:104640001F4A83B21F49B0F5805F28BF0A46141D78
:1046500034F8042C2146AAB1934213D334F8025CF7
:104660002E0AEFB252FA85F5A84222DA082E09D8AE
:10467000DFE806F0050A10121416181A1C00801A3A
:1046800034F810301846F0BD981A00F001001B1ADB
:104690009BB2F7E7103BFBE7203BF9E7303BF7E73E
:1046A0001A3BF5E70833F3E7503BF1E7A3F5E35393
:1046B000EEE70434002ECBD101EB4702C7E700BF81
:1046C0006C9300086095000808B5074B074A196805
:1046D00001F03D01996053680BB190689847BDE8BF
:1046E000084003F0DDB800BF00000240443600205F
:1046F00008B5084B1968890901F03D018A019A60E3
:10470000054AD3680BB110699847BDE8084003F02B
:10471000C7B800BF000002404436002008B5084B6F
:104720001968090C01F03D010A049A60054A5369B1
:104730000BB190699847BDE8084003F0B1B800BFDD
:10474000000002404436002008B5084B1968890D66
:1047500001F03D018A059A60054AD3690BB1106AE0
:104760009847BDE8084003F09BB800BF0000024036
:104770004436002008B5074B074A596801F03D014F
:10478000D960536A0BB1906A9847BDE8084003F0BE
:1047900087B800BF000002404436002008B5084B2F
:1047A0005968890901F03D018A01DA60054AD36A36
:1047B0000BB1106B9847BDE8084003F071B800BF1B
:1047C000000002404436002008B5084B5968090C27
:1047D00001F03D010A04DA60054A536B0BB1906B9E
:1047E0009847BDE8084003F05BB800BF00000240F6
:1047F0004436002008B5084B5968890D01F03D0189
:104800008A05DA60054AD36B0BB1106C9847BDE896
:10481000084003F045B800BF0000024044360020C5
:1048200008B5074B074A196801F03D019960536CC0
:104830000BB1906C9847BDE8084003F031B800BF59
:10484000000402404436002008B5084B1968890965
:1048500001F03D018A019A60054AD36C0BB1106DDD
:104860009847BDE8084003F01BB800BF00040240B1
:104870004436002008B5084B1968090C01F03D01C9
:104880000A049A60054A536D0BB1906D9847BDE8D4
:10489000084003F005B800BF000402404436002081
:1048A00008B5084B1968890D01F03D018A059A6029
:1048B000054AD36D0BB1106E9847BDE8084002F071
:1048C000EFBF00BF000402404436002008B5074B8C
:1048D000074A596801F03D01D960536E0BB1906EE3
:1048E0009847BDE8084002F0DBBF00BF000402406B
:1048F0004436002008B5084B5968890901F03D018C
:104900008A01DA60054AD36E0BB1106F9847BDE893
:10491000084002F0C5BF00BF00040240443600203A
:1049200008B5084B5968090C01F03D010A04DA602A
:10493000054A536F0BB1906F9847BDE8084002F0ED
:10494000AFBF00BF000402404436002008B5084B4A
:104950005968890D01F03D018A05DA60054AD36F77
:1049600013B1D2F880009847BDE8084002F098BF24
:10497000000402404436002000230C4910B51A46BA
:104980000B4C0B6054F82300026001EB430004332E
:104990004260402BF6D1074A4FF0FF339360D3605B
:1049A000C2F80834C2F80C3410BD00BF44360020F1
:1049B0001C970008000002400F28F8B510D91028F5
:1049C00010D0112811D0122808D10F240720DFF8A9
:1049D000C8E00126DEF80050A04208D9002653E0C6
:1049E0000446F4E70F240020F1E70724FBE706FA6A
:1049F00000F73D424AD1264C4FEA001C3D4304EBF0
:104A000000160EEBC000CEF80050C0E90123FBB247
:104A100073B12048D0F8D83043F00103C0F8D83043
:104A2000D0F8003143F00103C0F80031D0F8003174
:104A300017F47F4F0ED01748D0F8D83043F0020358
:104A4000C0F8D830D0F8003143F00203C0F800318C
:104A5000D0F8003154F80C00036823F01F03036002
:104A6000056815F00105FBD104EB0C033D2493F818
:104A70000CC05F6804FA0CF43C60212405604461BA
:104A800012B1987B00F0D8FC3046F8BD0130A3E7A6
:104A90001C970008004402584436002010B530240A
:104AA00084F31188FFF788FF002383F3118810BD7A
:104AB00010B50446807B00F0D5FC01231549627BCC
:104AC00003FA02F20B6823EA0203DAB20B6072B94E
:104AD000114AD2F8D81021F00101C2F8D810D2F84A
:104AE000001121F00101C2F80011D2F8002113F4E5
:104AF0007F4F0ED1084BD3F8D82022F00202C3F822
:104B0000D820D3F8002122F00202C3F80021D3F804
:104B1000003110BD443600200044025808B530234F
:104B200083F31188FFF7C4FF002383F3118808BDC6
:104B3000836CC26A8B42506810B506D95A1E4C006D
:104B400002EB4103B3FBF4F3184410BD01F0010381
:104B50008A0748BF43F002034A0748BF43F00803EF
:104B60000A0748BF43F00403CA0648BF43F01003D6
:104B70008A06426B48BF43F02003134343637047E8
:104B800010B5074C204600F0D9FF064B0022C4E9BF
:104B90001023054BA364054BE363054BE36410BD91
:104BA000C83600200024024800B4C4041C3700208A
:104BB0001C390020C36A0BB9104BC3620379012B67
:104BC00011D10F4B98420ED10E4BD3F8DC2042F49A
:104BD0000072C3F8DC20D3F8042142F40072C3F859
:104BE0000421D3F80431436C00221A65DA621A609A
:104BF0005A605A624FF0FF329A6370471C9800085F
:104C0000C8360020004402580379012B29D0436C98
:104C100000221A65DA621A605A605A624FF0FF3257
:104C20009A63104B98421CD10F4BD3F8842042F466
:104C30000072C3F88420D3F8842022F40072C3F8F1
:104C40008420D3F88420D3F8DC2022F40072C3F847
:104C5000DC20D3F8042122F40072C3F80421D3F835
:104C600004317047C83600200044025810B5446C27
:104C70000649FFF75DFF6060236842F2107043F061
:104C800003032360BDE8104001F06EBD801A0600EA
:104C90000129F8B5466C0B4F09D175680A493D40AA
:104CA000FFF746FF054345F480557560F8BD74680D
:104CB00006493C40FFF73CFF044344F480547460D1
:104CC000F4E700BF00ECFFFF80F0FA0240787D01BE
:104CD000436C00225A601A6070470000426C012940
:104CE000536823F4404304D0022905D001B953602E
:104CF000704743F48043FAE743F40043F7E70000CA
:104D0000436C41F480519A60D9605A6B1206FCD50D
:104D100080229A637047000010B541F48851446CBA
:104D2000A260E160616B11F04502FBD0A26311F05B
:104D3000040203D0FFF70AFF012010BD616910468D
:104D40001960FAE710B541F48851446CA260E16043
:104D5000616B11F04502FBD0A26311F0050203D094
:104D6000FFF7F4FE012010BD616910461960FAE7F3
:104D700073B5134604460E46302282F31188426C06
:104D8000D26B32B14FF0FF314030019301F0F8FCAB
:104D9000019B606C00220265C263C262456B15F420
:104DA000807504D185F31188012002B070BD4FF0E9
:104DB000FF31816382F31188012E06D90C21204630
:104DC00002B0BDE87040FFF7BDBF1046EDE7000040
:104DD00073B5446C0E4600250192616BA163256595
:104DE000E562FFF7B3FE012E07D9019B2A460C218D
:104DF00002B0BDE87040FFF7A5BF02B070BD000073
:104E000010B541F49851446CA260E160616B11F0FF
:104E10004502FBD0A26311F03F0203D0FFF796FEDC
:104E2000012010BD216A10461960E1695960A1692D
:104E300099606169D960F4E72DE9F743044601916F
:104E4000006D01A91746984602F044FC064600286A
:104E50004AD0626C2046DDF804905568C5F3090518
:104E600001356B00A56CB5FBF3F54FF47A73B5FB18
:104E7000F3F55D43556200F027FE50BB636C4FF0C5
:104E8000FF3201254146C3F8589020461D659A63BC
:104E90004FF49572DA6342F207029F62DA62E36CC2
:104EA0000A9AFFF74FFFA0B9E26C104B11680B4054
:104EB0007BB929462046FFF75BFF054648B92E46D9
:104EC0003A460199206D02F03DFC304603B0BDE842
:104ED000F083E26C20460121FFF77AFF3A46019900
:104EE000206D02F02FFCF0E70126EEE708E0FFFD61
:104EF0002DE9F7431F46436C01924FF47A725D68C7
:104F000004468846C5F3090501356E00856CB5FB7E
:104F1000F6F5B5FBF2F555435D6200F0D5FD20B125
:104F20000125284603B0BDE8F0837E0201A9206D6B
:104F3000324602F0CFFB05460028F1D0636C019A9F
:104F4000D4F84C909A6501221A654FF0FF329A63AB
:104F50004FF49572DA639E62236BDB064B4658BFB3
:104F60004FEA4828012F42461BD912212046FFF75D
:104F7000E9FEC0B9D9F80020104B13409BB9636C0F
:104F800042F2930239462046DA62E26CFFF7F0FE05
:104F9000804640B932460199206D454602F0D2FB69
:104FA000BFE71121E2E7E26C39462046FFF710FF28
:104FB00032460199206D02F0C5FBB2E708E0FFFD23
:104FC0002DE9F3411F46436C01924FF47A725D68FC
:104FD00004468846C5F3090501356E00856CB5FBAE
:104FE000F6F5B5FBF2F555435D6200F06DFD20B1BD
:104FF0000125284602B0BDE8F0817E0201A9206D9E
:10500000324602F0B7FB05460028F1D0636C019AE6
:105010009A6501221A654FF0FF329A634FF48D7240
:10502000DA639E62236BE66CDB06334658BF4FEAB9
:105030004828012F424619D919212046FFF782FE40
:10504000B0B932680F4B134093B9636C42F29102CE
:1050500039462046DA62E26CFFF78AFE064638B926
:1050600001993546206D02F0C1FBC2E71821E4E743
:1050700039462046E26CFFF7ABFE0199206D02F045
:10508000B5FBB6E708E0FFFD12F0030F2DE9F04194
:1050900007460C4615461E4617D00E44B44202D1B0
:1050A0000020BDE8F0810123FA6B21463846FFF766
:1050B0001FFF0028F5D128464FF40072F96B05F563
:1050C00000750134FCF72CFEE8E7BDE8F041FFF77E
:1050D0000FBF000012F0030F2DE9F04107460C4608
:1050E00015461E4617D00E44B44202D10020BDE83A
:1050F000F08129464FF40072F86B05F50075FCF756
:105100000FFE0123FA6B21463846FFF759FF0028AE
:10511000EDD10134E8E7BDE8F041FFF751BF0000F1
:1051200000207047302310B583F311880024436CAE
:1051300040302146DC6301F031FB84F3118810BD5F
:10514000026843681143016003B1184770470000CB
:10515000024A136843F0C0031360704700480040E0
:10516000024A136843F0C0031360704700500040C8
:10517000024A136843F0C003136070470078004090
:10518000064BD3F8E8200243C3F8E820D3F81021F7
:105190001043C3F81001D3F810317047004402588F
:1051A00037B5274C274D204600F028FD04F11400A8
:1051B000009400234FF40072234900F0C3F94FF428
:1051C0000072224904F138000094214B00F03CFAAF
:1051D000204BC4E91735204C204600F00FFD04F1A8
:1051E0001400009400234FF400721C4900F0AAF947
:1051F0004FF400721A4904F138000094194B00F082
:1052000023FA194BC4E91735184C204600F0F6FC78
:1052100004F1140000234FF400721549009400F0CB
:1052200091F9144B4FF40072134904F138000094C3
:1052300000F00AFA114BC4E9173503B030BD00BFC6
:105240002039002000E1F505643A00206440002088
:1052500051510008004800408C390020643C002077
:10526000644200206151000800500040F8390020DD
:10527000643E002071510008644400200078004022
:1052800038B5264D0446037C002918BF0D46012B76
:1052900006D1234B984230D14FF48020FFF770FFA6
:1052A0002A68236EE16D03EB5203A566B3FBF2F3AC
:1052B0006A68100442BF23F0070003F0070343EAC3
:1052C0004003CB60AB6843F040034B60EB6843F0B6
:1052D00001038B6042F4967343F001030B604FF0BF
:1052E000FF330B62510505D512F0102211D0B2F137
:1052F000805F10D084F8643038BD0A4B984205D0E6
:10530000094B9842CCD14FF08040C7E74FF4801052
:10531000C4E77F23EEE73F23ECE700BF24980008B3
:10532000203900208C390020F83900202DE9F04781
:10533000C66D05463768F469210734621AD014F047
:10534000080118BF4FF48071E20748BF41F0200107
:10535000A3074FF0300348BF41F04001600748BF4A
:1053600041F0800183F31188281DFFF7E9FE002337
:1053700083F31188E2050AD5302383F311884FF4B3
:105380008061281DFFF7DCFE002383F311884FF0B6
:1053900030094FF0000A14F0200838D13B0616D52A
:1053A0004FF0300905F1380A200610D589F311882D
:1053B000504600F07DF9002836DA0821281DFFF755
:1053C000BFFE27F080033360002383F31188790642
:1053D00014D5620612D5302383F31188D5E913233F
:1053E0009A4208D12B6C33B127F040071021281DB9
:1053F000FFF7A6FE3760002383F31188E30618D574
:10540000AA6E1369ABB15069BDE8F047184789F33C
:105410001188736A284695F86410194000F008FC5A
:105420008AF31188F469B6E7B06288F31188F469E9
:10543000BAE7BDE8F0870000090100F160430122EE
:1054400003F56143C9B283F8001300F01F039A40CB
:1054500043099B0003F1604303F56143C3F88021D6
:105460001A60704700F01F0301229A40430900F1BF
:1054700060409B0000F5614003F1604303F5614328
:10548000C3F88020C3F88021002380F800337047E0
:10549000F8B51546826804460B46AA4200D28568D4
:1054A000A1692669761AB5420BD218462A46FCF73E
:1054B00037FCA3692B44A3612846A3685B1BA36048
:1054C000F8BD0CD9AF1B18463246FCF729FC3A460A
:1054D000E1683044FCF724FCE3683B44EBE7184602
:1054E0002A46FCF71DFCE368E5E700008368934269
:1054F000F7B50446154600D28568D4E90460361A2B
:10550000B5420BD22A46FCF70BFC63692B4463615E
:105510002846A3685B1BA36003B0F0BD0DD93246DB
:10552000AF1B0191FCF7FCFB01993A46E06831445E
:10553000FCF7F6FBE3683B44E9E72A46FCF7F0FB9F
:10554000E368E4E710B50A440024C361029B846069
:10555000C16002610362C0E90000C0E9051110BD2D
:1055600008B5D0E90532934201D1826882B98268D8
:10557000013282605A1C426119700021D0E9043264
:105580009A4224BFC368436101F022F9002008BD9C
:105590004FF0FF30FBE7000070B5302304460E46A5
:1055A00083F31188A568A5B1A368A269013BA36034
:1055B000531CA36115782269934224BFE368A36159
:1055C000E3690BB120469847002383F311882846EE
:1055D00007E03146204601F0EBF80028E2DA85F3D7
:1055E000118870BD2DE9F74F04460E4617469846C0
:1055F000D0F81C904FF0300A8AF311884FF0000B5E
:10560000154665B12A4631462046FFF741FF03465D
:1056100060B94146204601F0CBF80028F1D00023C4
:1056200083F31188781B03B0BDE8F08FB9F1000F48
:1056300003D001902046C847019B8BF31188ED1AD7
:105640001E448AF31188DCE7C160C361009B82605D
:105650000362C0E905111144C0E90000016170470F
:10566000F8B504460D461646302383F31188A76823
:10567000A7B1A368013BA36063695A1C62611D70F6
:10568000D4E904329A4224BFE3686361E3690BB151
:1056900020469847002080F3118807E031462046D5
:1056A00001F086F80028E2DA87F31188F8BD0000DF
:1056B000D0E9052310B59A4201D182687AB982688F
:1056C0000021013282605A1C82611C7803699A426F
:1056D00024BFC368836101F07BF8204610BD4FF002
:1056E000FF30FBE72DE9F74F04460E461746984674
:1056F000D0F81C904FF0300A8AF311884FF0000B5D
:10570000154665B12A4631462046FFF7EFFE0346AF
:1057100060B94146204601F04BF80028F1D0002343
:1057200083F31188781B03B0BDE8F08FB9F1000F47
:1057300003D001902046C847019B8BF31188ED1AD6
:105740001E448AF31188DCE70379052B05BF836AC1
:10575000002001204B6004BF4FF400730B607047C2
:1057600070B55D1E866A04460D44B54205D9436B8B
:1057700043F080034363012070BD06250571FFF7E8
:1057800083FC05232371F7E770B55D1E866A044626
:105790000D44B54205D9436B43F0800343630120B8
:1057A00070BD07250571FFF795FC05232371F7E709
:1057B00038B505790446052D05D108230371FFF797
:1057C000AFFC257138BD0120FCE700000323F0B5D4
:1057D000037185B00446FFF749FA002220461146BE
:1057E000FFF78EFA4FF4D57203AB08212046FFF77E
:1057F000A9FA0246B8B901232363039BC3F3032329
:10580000012B09D103AB37212046FFF79BFA18B9CA
:10581000A44B039A1340ABB120460125FFF758FA79
:105820000223237137E103AB002237212046FFF723
:1058300089FA28B99B4A039B1A40002A00F0A780E6
:1058400002232363236B03F00F03022B40F0A98094
:105850006425954E42F2107000F086FF03AB32468D
:1058600001212046FFF758FA0028D5D1039B002BD1
:1058700080F293805A0003D5236B43F01003236317
:10588000002204F1080302212046FFF7B9FA02467C
:105890000028C1D104F1380303212046FFF752FA52
:1058A0000028B9D104F11805A26B092120462B4626
:1058B000FFF7A6FA0028AFD102ABA26B0721204662
:1058C000FFF740FA06460028A6D1236B03F00F032A
:1058D000022B40F08F807E227F21284603F058F96A
:1058E000012840F28780E76B42F2107000F03CFF25
:1058F00008234FF40072394620460096FFF79CFAC1
:10590000002889D1384603F091F9236BA06203F097
:105910000F03022B72D103AB644A06212046FFF726
:1059200011FA002871D15F49039B1940B1FA81F146
:1059300049092046FFF7ACF902AB4FF40072102181
:105940002046FFF7FFF9054600287FF465AF554E66
:10595000029B33427FF460AF236B13F00E0F03F012
:105960000F0273D0022A7FF457AFE36A1978012936
:1059700000F09480022900F09380002900F08980D3
:105980004B4F2046FFF7AAF903AB3A4676E01146A3
:1059900020462263FFF7B4F954E7013D7FF45AAF84
:1059A0003AE7444D6426444A3E4F012B18BF154642
:1059B00003AB002237212046FFF7C4F900287FF40B
:1059C0002BAF039B3B427FF427AF03AB2A46292131
:1059D0002046FFF7A1F900287FF41EAF039B002BA0
:1059E000FFF648AF013E3FF417AF42F2107000F0EF
:1059F000BBFEDDE7284603F0EDF886E77E227F2137
:105A00002846E66B03F0C4F808B9002191E70023AB
:105A100040223146204600930623FFF70DFA002866
:105A2000F3D1B3895BBA9B07EFD5244B40223146B3
:105A3000204600930623FFF7FFF90028E5D1317CCB
:105A400001F00F010F3918BF012172E7E36A1978DD
:105A5000F9B101297FF4E0AE2046FFF73FF903AB2F
:105A6000A26B37212046FFF76DF900287FF4D4AEF2
:105A7000039B33427FF4D0AE03AB022206212046C3
:105A8000FFF760F900287FF4C7AE039B33427FF431
:105A9000C3AE05232371284605B0F0BD084F70E75B
:105AA000084F6EE708E0FFFD0080FFC00001B9036A
:105AB0000000B7030080FF5000001080F1FFFF805E
:105AC0000001B7030002B70337B504460C4D01AB24
:105AD000A26B0D212046FFF735F978B9019B2B42C7
:105AE0000BD1C3F34323042B08D0053B022B04D86E
:105AF0004FF47A7000F038FEE9E7012003B030BDC2
:105B000008E0FFFD70B53023054683F31188037963
:105B10000024022B03D184F31188204670BD042396
:105B2000037184F311880226FFF7CEFF044628464E
:105B3000FFF7CEF82E71F0E7FFF722B8044B0360B1
:105B40000123037100234363C0E90A33704700BF98
:105B50003C98000810B53023044683F31188C162D5
:105B6000FFF728F802230020237180F3118810BD6D
:105B700010B53023044683F31188FFF745F800235E
:105B80000122E362227183F3118810BD0268436829
:105B90001143016003B11847704700001430FFF74C
:105BA00021BD00004FF0FF331430FFF71BBD000094
:105BB0003830FFF797BD00004FF0FF333830FFF764
:105BC00091BD00001430FFF7E7BC00004FF0FF313B
:105BD0001430FFF7E1BC00003830FFF741BD000092
:105BE0004FF0FF323830FFF73BBD0000012914BFF2
:105BF0006FF0130000207047FFF7D2BA044B036028
:105C000000234360C0E9023301230374704700BFDF
:105C10006098000810B53023044683F31188FFF71D
:105C20002FFB02230020237480F3118810BD000095
:105C300038B5C36904460D461BB904210844FFF773
:105C4000A5FF294604F11400FFF78AFC002806DAB4
:105C5000201D4FF40061BDE83840FFF797BF38BD05
:105C6000026843681143016003B1184770470000A0
:105C700013B5406B00F58054D4F8A4381A68117835
:105C8000042914D1017C022911D119790123128927
:105C90008B4013420BD101A94C3002F0A7FED4F87F
:105CA000A4480246019B2179206800F0DFF902B088
:105CB00010BD0000143002F029BE00004FF0FF3389
:105CC000143002F023BE00004C3002F0FBBE000096
:105CD0004FF0FF334C3002F0F5BE0000143002F0FC
:105CE000F7BD00004FF0FF31143002F0F1BD0000AD
:105CF0004C3002F0C7BE00004FF0FF324C3002F0D3
:105D0000C1BE00000020704710B500F58054D4F8E3
:105D1000A4381A681178042917D1017C022914D1FA
:105D20005979012352898B4013420ED1143002F06D
:105D300089FD024648B1D4F8A4484FF44073617914
:105D40002068BDE8104000F07FB910BD406BFFF740
:105D5000DBBF0000704700007FB5124B0125042611
:105D6000044603600023057400F184024360294661
:105D7000C0E902330C4B0290143001934FF440738E
:105D8000009602F03BFD094B04F69442294604F1CB
:105D90004C000294CDE900634FF4407302F002FE20
:105DA00004B070BD889800084D5D0008715C000863
:105DB0000A68302383F311880B790B3342F82300F0
:105DC0004B79133342F823008B7913B10B3342F82C
:105DD000230000F58053C3F8A418022303740020A5
:105DE00080F311887047000038B5037F044613B173
:105DF00090F85430ABB90125201D0221FFF730FF88
:105E000004F114006FF00101257700F0EDFC04F1BE
:105E10004C0084F854506FF00101BDE8384000F0A8
:105E2000E3BC38BD10B5012104460430FFF718FF6C
:105E30000023237784F8543010BD000038B50446A1
:105E40000025143002F0F2FC04F14C00257702F03A
:105E5000C1FD201D84F854500121FFF701FF2046A9
:105E6000BDE83840FFF750BF90F8803003F0600382
:105E7000202B06D190F881200023212A03D81F2A45
:105E800006D800207047222AFBD1C0E91D3303E069
:105E9000034A426707228267C3670120704700BF39
:105EA0004422002037B500F58055D5F8A4381A688B
:105EB000117804291AD1017C022917D119790123FB
:105EC00012898B40134211D100F14C04204602F09C
:105ED00041FE58B101A9204602F088FDD5F8A4483A
:105EE0000246019B2179206800F0C0F803B030BD64
:105EF00001F10B03F0B550F8236085B004460D4660
:105F0000FEB1302383F3118804EB8507301D08218F
:105F1000FFF7A6FEFB6806F14C005B691B681BB12E
:105F2000019002F071FD019803A902F05FFD0246A5
:105F300048B1039B2946204600F098F8002383F3DC
:105F4000118805B0F0BDFB685A691268002AF5D0C7
:105F50001B8A013B1340F1D104F18002EAE7000003
:105F6000133138B550F82140ECB1302383F3118858
:105F700004F58053D3F8A4281368527903EB820305
:105F8000DB689B695D6845B104216018FFF768FE16
:105F9000294604F1140002F05FFC2046FFF7B4FE2E
:105FA000002383F3118838BD7047000001F076BDEF
:105FB00001234022002110B5044600F8303BFBF7D6
:105FC000D5FE0023C4E9013310BD000010B5302315
:105FD000044683F311882422416000210C30FBF732
:105FE000C5FE204601F07CFD02230020237080F3D3
:105FF000118810BD70B500EB8103054650690E464F
:106000001446DA6018B110220021FBF7AFFEA06938
:1060100018B110220021FBF7A9FE31462846BDE841
:10602000704001F063BE000083682022002103F06D
:10603000011310B5044683601030FBF797FE20462D
:10604000BDE8104001F0DEBEF0B4012500EB810494
:1060500047898D40E4683D43A4694581236000235E
:10606000A2606360F0BC01F0FBBE0000F0B401254B
:1060700000EB810407898D40E4683D436469058134
:1060800023600023A2606360F0BC01F071BF0000D8
:1060900070B5022300250446242203702946C0F867
:1060A00088500C3040F8045CFBF760FE204684F812
:1060B000705001F0AFFD63681B6823B1294620468C
:1060C000BDE87040184770BD0378052B10B5044635
:1060D0000AD080F88C300523037043681B680BB12D
:1060E000042198470023A36010BD00000178052912
:1060F00006D190F88C20436802701B6803B11847E2
:106100007047000070B590F87030044613B100235A
:1061100080F8703004F18002204601F097FE636839
:106120009B68B3B994F8803013F0600535D0002136
:10613000204602F089F90021204602F079F96368CF
:106140001B6813B1062120469847062384F8703057
:1061500070BD204698470028E4D0B4F88630A26F7E
:106160009A4288BFA36794F98030A56F002B4FF047
:10617000300380F20381002D00F0F280092284F8C0
:10618000702083F3118800212046D4E91D23FFF7F6
:106190006DFF002383F31188DAE794F8812003F080
:1061A0007F0343EA022340F20232934200F0C580AB
:1061B00021D8B3F5807F48D00DD8012B3FD0022BDA
:1061C00000F09380002BB2D104F1880262670222B2
:1061D000A267E367C1E7B3F5817F00F09B80B3F569
:1061E000407FA4D194F88230012BA0D1B4F888303C
:1061F00043F0020332E0B3F5006F4DD017D8B3F58A
:10620000A06F31D0A3F5C063012B90D863682046FE
:1062100094F882205E6894F88310B4F88430B04714
:10622000002884D0436863670368A3671AE0B3F566
:10623000106F36D040F6024293427FF478AF5C4B49
:1062400063670223A3670023C3E794F88230012B1E
:106250007FF46DAFB4F8883023F00203A4F88830DF
:10626000C4E91D55E56778E7B4F88030B3F5A06F51
:106270000ED194F88230204684F88A3001F028FD4F
:1062800063681B6813B101212046984703232370DC
:106290000023C4E91D339CE704F18B0363670123EA
:1062A000C3E72378042B10D1302383F311882046D1
:1062B000FFF7BAFE85F311880321636884F88B50D9
:1062C00021701B680BB12046984794F88230002B50
:1062D000DED084F88B300423237063681B68002BA6
:1062E000D6D0022120469847D2E794F88430204641
:1062F0001D0603F00F010AD501F09AFD012804D014
:1063000002287FF414AF2B4B9AE72B4B98E701F050
:1063100081FDF3E794F88230002B7FF408AF94F806
:10632000843013F00F01B3D01A06204602D502F0D4
:10633000A3F8ADE702F094F8AAE794F88230002BB6
:106340007FF4F5AE94F8843013F00F01A0D01B0653
:10635000204602D502F078F89AE702F069F897E74C
:10636000142284F8702083F311882B462A4629468C
:106370002046FFF769FE85F31188E9E65DB1152235
:1063800084F8702083F3118800212046D4E91D236E
:10639000FFF75AFEFDE60B2284F8702083F3118884
:1063A0002B462A4629462046FFF760FEE3E700BF5A
:1063B000B8980008B0980008B498000838B590F86C
:1063C00070300446002B3ED0063BDAB20F2A34D898
:1063D0000F2B32D8DFE803F0373131082232313168
:1063E0003131313131313737856FB0F886309D42E8
:1063F00014D2C3681B8AB5FBF3F203FB12556DB9C7
:10640000302383F311882B462A462946FFF72EFEB8
:1064100085F311880A2384F870300EE0142384F881
:106420007030302383F31188002320461A46194622
:10643000FFF70AFE002383F3118838BDC36F03B151
:1064400098470023E7E70021204601F0FDFF0021E7
:10645000204601F0EDFF63681B6813B1062120465A
:1064600098470623D7E7000010B590F8703004462F
:10647000142B29D017D8062B05D001D81BB110BD7D
:10648000093B022BFBD80021204601F0DDFF002153
:10649000204601F0CDFF63681B6813B1062120463A
:1064A0009847062319E0152BE9D10B2380F87030AB
:1064B000302383F3118800231A461946FFF7D6FDCF
:1064C000002383F31188DAE7C3689B695B68002BBC
:1064D000D5D1C36F03B19847002384F87030CEE75D
:1064E0000023826880F8243083691B689968914290
:1064F000FBD25A6803604260106058607047000029
:106500000023826880F8243083691B68996891426F
:10651000FBD85A6803604260106058607047000002
:1065200008B50846302383F3118891F82430032BF3
:1065300005D0042B0DD02BB983F3118808BD8B6ACD
:1065400000221A604FF0FF338362FFF7C9FF002378
:10655000F2E7D1E9003213605A60F3E7034610B561
:106560001B68984203D09C688A689442F8D25A68A3
:106570000B604A601160596010BD0000FFF7B0BFAA
:1065800038B50B4B1C68DD6885F824002268536021
:106590001A600122DC60A36884F82420934201D1B0
:1065A00001F042F929462046BDE83840F9F72ABFF4
:1065B000684600200C4B30B5DD684B1C87B00446A4
:1065C0000FD02B46094A684600F0A2F92046FFF793
:1065D000D7FF009B13B1684600F0A4F9A86A07B082
:1065E00030BDFFF7CDFFF9E76846002021650008C0
:1065F000044B1A68DB6890689B68984294BF00203F
:10660000012070476846002038B50C4B1C68DD68D7
:10661000226853601A600122DC6084F82420AB6891
:10662000934201D101F002F92846FFF769FF0146C4
:106630002046BDE83840F9F7E5BE00BF68460020B7
:10664000044B1A68DB6892689B689A4201D9FFF78D
:10665000DBBF70476846002038B50123084C002591
:106660002370656002F010FB02F036FB0549064816
:1066700002F00CFC0223237085F3118838BD00BFA3
:1066800010490020C09800086846002000F080B93A
:10669000034A516853685B1A9842FBD8704700BFA1
:1066A000001000E08B604B630023CA6100F12802F8
:1066B0000B6302230A618B840123886181F82630F1
:1066C00001F11003C26A4A611360C36201F12C0335
:1066D0000846CB6270470000D0E90131026841F8FA
:1066E000183CA1F19C033839CB60036941F8243C84
:1066F000436941F8203C034B41F8043CC36802481D
:10670000FFF7D0BF1D0400086846002008B5FFF75A
:10671000E3FFBDE80840FFF731BF000038B50E4B7E
:10672000DC6804F12C05A062E06AA8420FD194F85D
:1067300026303BB994F825309B0702BFD4E90432D8
:1067400013605A600F20BDE83840FFF719BF036897
:10675000E362FFF713FFE7E768460020302383F387
:106760001188FFF7DBBF000008B50146302383F333
:1067700011880820FFF71EFF002383F3118808BD4E
:10678000054BDB6821B1036098620320FFF712BF5D
:106790004FF0FF30704700BF6846002003682BB100
:1067A0000022026018469962FFF7E8BE70470000B9
:1067B000064BDB6839B1426818605A601360436069
:1067C0000420FFF7F7BE4FF0FF3070476846002007
:1067D0000368984206D01A680260506018469962B1
:1067E000FFF7CCBE7047000038B504460D46206860
:1067F000844200D138BD036823605C608562FFF786
:10680000BDFEF4E7036810B59C68A2420CD85C6832
:106810008A600B604C602160596099688A1A9A609E
:106820004FF0FF33836010BD121B1B68ECE70000C4
:106830000A2938BF0A2170B504460D460A26601998
:1068400002F01CFA02F004FA041BA54203D8751CDE
:1068500004462E46F3E70A2E04D90120BDE8704015
:1068600002F0DCBB70BD0000F8B5144B0D460A2ADF
:106870004FF00A07D96103F11001826038BF0A2284
:10688000416019691446016048601861A81802F057
:10689000E5F902F0DDF9431B0646A34206D37C1C52
:1068A00028192746354602F0E9F9F2E70A2F04D9FC
:1068B0000120BDE8F84002F0B1BBF8BD68460020F9
:1068C000F8B506460D4602F0C3F90F4A134653F8D1
:1068D000107F9F4206D12A4601463046BDE8F84067
:1068E000FFF7C2BFD169BB68441A2C1928BF2C46D8
:1068F000A34202D92946FFF79BFF224631460348AF
:10690000BDE8F840FFF77EBF6846002078460020CB
:10691000C0E90323002310B45DF8044B4361FFF783
:10692000CFBF000010B5194C236998420DD0816883
:10693000D0E9003213605A609A680A449A600023D2
:1069400003604FF0FF33A36110BD0268234643F894
:10695000102F53600022026022699A4203D1BDE8E1
:10696000104002F085B9936881680B44936002F08F
:106970006FF92269E1699268441AA242E4D911448C
:10698000BDE81040091AFFF753BF00BF684600205A
:106990002DE9F047DFF8BC8008F110072C4ED8F83D
:1069A000105002F055F9D8F81C40AA68031B9A420F
:1069B0003ED814444FF00009D5E90032C8F81C4015
:1069C00013605A60C5F80090D8F81030B34201D176
:1069D00002F04EF989F31188D5E90331284698472A
:1069E000302383F311886B69002BD8D002F030F983
:1069F0006A69A0EB040982464A450DD2022002F0E2
:106A00000DFB0022D8F81030B34208D15146284679
:106A1000BDE8F047FFF728BF121A2244F2E712EB55
:106A200009092946384638BF4A46FFF7EBFEB5E765
:106A3000D8F81030B34208D01444C8F81C00211A0A
:106A4000A960BDE8F047FFF7F3BEBDE8F08700BFDF
:106A5000784600206846002038B502F0F9F8054A6B
:106A6000D2E90845031B181945F10001C2E90801E4
:106A700038BD00BF6846002010B560B907480479EA
:106A80000368053C9B6818BF0124984708B144F08F
:106A90000404204610BD0124FBE700BFC8360020D7
:106AA000FFF7EABF2DE9F047884617469A460446A5
:106AB000B0B90D4E3579052D05D003240DE0013D0B
:106AC00015F0FF050ED03268534639463046D2F8ED
:106AD00014904246C8470028F1D12046BDE8F0870F
:106AE0000424FAE70124F8E7C83600202DE9F0472E
:106AF000884617469A460446B0B90D4E3579052D9D
:106B000005D003240DE0013D15F0FF050ED03268DD
:106B1000534639463046D2F818904246C8470028B6
:106B2000F1D12046BDE8F0870424FAE70124F8E714
:106B3000C836002037B50C46154670B951B1012949
:106B40000BD10748694603681B6A984710B9019B37
:106B500004462B60204603B030BD0424FAE700BF92
:106B6000C836002000207047FEE700007047000094
:106B70004FF0FF30704700004B6843608B688360C4
:106B8000CB68C3600B6943614B6903628B694362E5
:106B90000B6803607047000008B53C4B40F2FF7182
:106BA0003B48D3F888200A43C3F88820D3F88820CC
:106BB00022F4FF6222F00702C3F88820D3F888206D
:106BC000D3F8E0200A43C3F8E020D3F808210A43B1
:106BD000C3F808212F4AD3F808311146FFF7CCFF3C
:106BE00000F5806002F11C01FFF7C6FF00F5806030
:106BF00002F13801FFF7C0FF00F5806002F1540197
:106C0000FFF7BAFF00F5806002F17001FFF7B4FFF3
:106C100000F5806002F18C01FFF7AEFF00F58060A7
:106C200002F1A801FFF7A8FF00F5806002F1C4019E
:106C3000FFF7A2FF00F5806002F1E001FFF79CFF83
:106C400000F5806002F1FC01FFF796FF02F58C7100
:106C500000F58060FFF790FF01F0A6FC0E4BD3F823
:106C6000902242F00102C3F89022D3F8942242F01D
:106C70000102C3F894220522C3F898204FF0605215
:106C8000C3F89C20054AC3F8A02008BD0044025860
:106C900000000258D498000800ED00E01F0008032F
:106CA00008B501F097FDFFF7D7FC104BD3F8DC20B7
:106CB00042F04002C3F8DC20D3F8042122F0400265
:106CC000C3F80421D3F80431094B1A6842F00802D2
:106CD0001A601A6842F004021A6000F08FFD00F09A
:106CE00041FBBDE8084000F0B5B800BF00440258C1
:106CF00000180248012070470020704770470000CC
:106D000002290CD0032904D00129074818BF00200C
:106D10007047032A05D8054800EBC20070470448B5
:106D200070470020704700BFD49A0008542200200A
:106D3000889A000870B59AB005460846144601A91D
:106D400000F0C2F801A8FBF709F8431C0022C6B204
:106D50005B001046C5E9003423700323023404F8B5
:106D6000013C01ABD1B202348E4201D81AB070BDE1
:106D700013F8011B013204F8010C04F8021CF1E7BE
:106D800008B5302383F311880348FFF78BF80023FD
:106D900083F3118808BD00BF1849002090F88030A7
:106DA00003F01F02012A07D190F881200B2A03D19A
:106DB0000023C0E91D3315E003F06003202B08D148
:106DC000B0F884302BB990F88120212A03D81F2AEB
:106DD00004D8FFF749B8222AEBD0FAE7034A426702
:106DE00007228267C3670120704700BF4B22002043
:106DF00007B5052917D8DFE801F01916031919207E
:106E0000302383F31188104A01210190FFF7F2F833
:106E1000019802210D4AFFF7EDF80D48FFF70EF833
:106E2000002383F3118803B05DF804FB302383F360
:106E300011880748FEF7D8FFF2E7302383F3118863
:106E40000348FEF7EFFFEBE7289A00084C9A00088A
:106E50001849002038B50C4D0C4C2A460C4904F159
:106E60000800FFF767FF05F1CA0204F110000949A5
:106E7000FFF760FF05F5CA7204F118000649BDE886
:106E80003840FFF757BF00BFF061002054220020B8
:106E9000089A0008129A00081D9A000870B5044666
:106EA00008460D46FAF75AFFC6B220460134037869
:106EB0000BB9184670BD32462946FAF73BFF002849
:106EC000F3D10120F6E700002DE9F84F05460C4606
:106ED000FAF744FF2C49C6B22846FFF7DFFF08B196
:106EE0000236F6B229492846FFF7D8FF08B1103616
:106EF000F6B2632E0DD8DFF89080DFF89090244F23
:106F0000DFF894A0DFF894B02E7846B92670BDE87B
:106F1000F88F29462046BDE8F84F02F01DB9252E0E
:106F20002ED1072241462846FAF704FF70B9DBF854
:106F300000300735093444F8093CDBF8043044F8E4
:106F4000053C9BF8083004F8013CDDE7082249467F
:106F50002846FAF7EFFE98B9A21C0E4B19780232B8
:106F60000909C95D02F8041C13F8011B01F00F01A7
:106F70005345C95D02F8031CF0D118340835C3E746
:106F8000013504F8016BBFE7F49A00081D9A000868
:106F9000069B000800E8F11F0CE8F11FFC9A0008AE
:106FA000BFF34F8F044B1A695107FCD1D3F810215E
:106FB0005207F8D1704700BF0020005208B50D4BB2
:106FC0001B78ABB9FFF7ECFF0B4BDA68D10704D5A0
:106FD0000A4A5A6002F188325A60D3F80C21D2076B
:106FE00006D5064AC3F8042102F18832C3F8042109
:106FF00008BD00BF4E6400200020005223016745F9
:1070000008B5114B1B78F3B9104B1A69510703D51A
:10701000DA6842F04002DA60D3F81021520705D551
:10702000D3F80C2142F04002C3F80C21FFF7B8FF5F
:10703000064BDA6842F00102DA60D3F80C2142F024
:107040000102C3F80C2108BD4E640020002000524C
:107050000F289ABF00F580604004002070470000B0
:107060004FF4003070470000102070470F2808B51B
:107070000BD8FFF7EDFF00F500330268013204D1B1
:1070800004308342F9D1012008BD0020FCE7000054
:107090000F2838B505463FD8FFF782FF1F4CFFF792
:1070A0008DFF4FF0FF3307286361C4F814311DD8FA
:1070B0002361FFF775FF030243F02403E360E368F5
:1070C00043F08003E36023695A07FCD42846FFF7A6
:1070D00067FFFFF7BDFF4FF4003100F0BFFA28460D
:1070E000FFF78EFFBDE83840FFF7C0BFC4F810318E
:1070F000FFF756FFA0F108031B0243F02403C4F876
:107100000C31D4F80C3143F08003C4F80C31D4F8BE
:1071100010315B07FBD4D9E7002038BD00200052B6
:107120002DE9F84F04460D46104644EA0203DE06F8
:1071300002D00020BDE8F88F20F01F00DFF8D4B0A7
:10714000DFF8D4A0FFF73AFF05EB0008454503D16F
:107150000120FFF755FFEDE720222946204601F0E8
:10716000C3FF10B920342035F0E7234604F1200294
:107170001F68791CDDD104339342F9D104F17843BF
:107180002048214EB3F5801F204B38BF184603F12D
:10719000F80332BFD946D1461E46FFF701FF07600C
:1071A000A4EB050C336805F11C0143F002033360C6
:1071B0002B1FD9F8007017F00507FAD153F8042FE8
:1071C0008B424CF80320F4D1BFF34F8FFFF7E8FE5A
:1071D0004FF0FF330360336823F002033360BFF3E3
:1071E0004F8F0B4BC3F85C42BFF34F8FBFF36F8FD2
:1071F00020222946204601F077FF0028B2D03846E9
:10720000A7E700BF142100520C20005214200052A6
:1072100000ED00E0102000521021005210B5084C83
:10722000237828B11BB9FFF7C9FE0123237010BDD5
:10723000002BFCD02070BDE81040FFF7E1BE00BF7E
:107240004E6400202DE9F04F0D4685B0814658B1BF
:1072500011F00D0614BF2022082211F0080301933B
:1072600004D0431E034269D0002435E0002E37D0FD
:1072700009F11F0121F01F094FF00108314F05F0FE
:107280000403DFF8CCA005EA080BBBF1000F32D0F5
:107290007869C0072FD408F101080C37B8F1060F40
:1072A000F3D19EB9284D4946A819019201F036FD47
:1072B0000446002839D12036019AA02EF3D1494640
:1072C00001F02CFD044600282FD1019A49461F48A1
:1072D00001F024FD044660BB204605B0BDE8F08FF8
:1072E0000029C9D101462846029201F017FD044643
:1072F000D8B9029AC0E713B178694107CBD5AC077A
:1073000002D578698007C6D5019911B1786901075E
:10731000C1D549460AEB4810CDE9022301F0FEFC35
:107320000446DDE902230028B5D04A460021204664
:1073300001E04A460021FAF719FDCDE70246002E8A
:1073400096D199E7189B00089064002050640020B3
:10735000706400200021FFF775BF00000121FFF7D6
:1073600071BF000000231A4670B51A600433B3F5EC
:10737000806FFAD1104D0124104E06EB44100134F9
:107380002A6955F80C1F01F0B5FC062CF5D13725FC
:107390004FF4C0542046FFF7E1FF014628B12246D2
:1073A0000748BDE8704001F0A5BCC4EBC404013D32
:1073B0004FEAD404EED170BD189B00087064002021
:1073C000506400200421FFF73DBF00004843FFF751
:1073D000C1BF000008B101F013BD7047B0F5805F78
:1073E00010B5044607D8FFF7EDFF28B92046BDE8E1
:1073F0001040FFF7AFBF002010BD0000FFF7EABF4D
:1074000070B5AAB140EA010313F01F030FD1094C74
:107410000144A5686D0706D52568A84203D36668B0
:107420003544A94204D903330C34122BF1D1002284
:10743000104670BD189B000808B501F0F7FD034A1F
:10744000D2E90032C01842EB010108BD30650020CE
:10745000434BD3E900232DE9F34113437CD0FFF7DD
:10746000EBFF404A00230027F8F7E6FF06460D46EB
:107470003D4A0023F8F7E0FF002314463046294632
:10748000394AF8F7D9FF4FF461613C23ADF8017038
:10749000B4FBF1F5B4FBF3F601FB154103FB164613
:1074A0004624B1FBF3F1314BF6B28DF8004098421F
:1074B0003CD84FF0640C4FF4C87EA30704F26C7202
:1074C00025D1B2FBFCF30CFB132313BBB2FBFEF381
:1074D0000EFB1322B2FA82F35B0903F26D18621CF1
:1074E0008045D2B217D90FB18DF800400022204C50
:1074F0004FF00C0C17460CFB0343D4B2013213F8C7
:1075000004C084450CD8A0EB0C000127F5E700234C
:10751000E3E70123E1E7A0EB080014460127CCE7ED
:107520000FB18DF80140431C8DF802309DF8010029
:10753000431C9DF800005038400640EA43509DF837
:10754000023040EA034040EA560040EAC52040EAE3
:10755000411002B0BDE8F0814FF40410F9E700BF1C
:107560003065002040420F008051010090230B0045
:10757000609B00080244074BD2B210B5904200D184
:1075800010BD441C00B253F8200041F8040BE0B2D7
:10759000F4E700BF504000580E4B30B51C6F240478
:1075A00005D41C6F1C671C6F44F400441C670A4C14
:1075B00002442368D2B243F480732360074B9042A5
:1075C00000D130BD441C51F8045B00B243F8205098
:1075D000E0B2F4E700440258004802585040005816
:1075E00007B5012201A90020FFF7C4FF019803B0ED
:1075F0005DF804FB13B50446FFF7F2FFA04205D087
:10760000012201A900200194FFF7C6FF02B010BDBE
:1076100010B56424013C4FF47A70FFF7A5F814F01C
:10762000FF04F7D10C4B4FF4801214249A61A3F598
:1076300080634FF08052A3F54063C3F8182C4FF4D9
:1076400000529A61013C4FF47A70FFF78DF814F004
:10765000FF04F7D110BD00BF001802580144BFF36A
:107660004F8F064B884204D3BFF34F8FBFF36F8F0A
:107670007047C3F85C022030F4E700BF00ED00E083
:107680000144BFF34F8F064B884204D3BFF34F8FA3
:10769000BFF36F8F7047C3F870022030F4E700BF6C
:1076A00000ED00E070B5054616460C46012010219D
:1076B000FFF78CFE286046733CB1204636B1FFF7D9
:1076C00081FE2B68186000B19C6070BDFFF746FE1C
:1076D000F7E70000F8B50F461546044648B905F12E
:1076E0001F010126386821F01F01FFF7B7FF304660
:1076F000F8BD427B29463868FFF782FE064600281F
:10770000EDD13B686360A368AB4210D213B120682F
:10771000FFF760FE637B28462BB1FFF753FE206026
:1077200020B9A060E3E7FFF719FEF8E7A56020683D
:1077300005F11F01012621F01F013860FFF78EFFC0
:107740002673D4E770B50E4602F11F0104461546B4
:1077500021F01F013046FFF793FF4CB12168B14281
:1077600006D1606810B12A46FAF7DAFA00232373CB
:1077700070BD0000F8B50F461446054648B904F13F
:107780001F010126386821F01F01FFF779FF3046FD
:10779000F8BD427B21463868FFF732FE06460028D6
:1077A000EDD1AB68A34210D213B12868FFF712FEE7
:1077B0006B7B20462BB1FFF705FE286020B9A8603F
:1077C000E5E7FFF7CBFDF8E7AC60396819B1224671
:1077D0002868FAF7A5FA286804F11F01012621F0AC
:1077E0001F013860FFF74CFF2E73D0E720B103680C
:1077F0008B4204BF0023037370470000034B1A68D9
:107800001AB9034AD2F8D0241A60704738650020AC
:107810000040025808B5FFF7F1FF024B1868C0F3AB
:10782000806008BD38650020704700007047000088
:10783000EFF30983054968334A6B22F001024A637A
:1078400083F30988002383F31188704700EF00E079
:10785000302080F3118862B60D4B0E4AD96821F4AE
:10786000E0610904090C0A430B49DA60D3F8FC20F3
:1078700042F08072C3F8FC20084AC2F8B01F1168B9
:1078800041F0010111602022DA7783F8220070476D
:1078900000ED00E00003FA0555CEACC5001000E095
:1078A000302310B583F311880E4B5B6813F400632B
:1078B00014D0F1EE103AEFF309844FF08073683C76
:1078C000E361094BDB6B236684F30988FEF790FEC6
:1078D00010B1064BA36110BD054BFBE783F3118884
:1078E000F9E700BF00ED00E000EF00E02F04000822
:1078F0003204000870B5BFF34F8FBFF36F8F1A4A81
:107900000021C2F85012BFF34F8FBFF36F8F53693E
:1079100043F400335361BFF34F8FBFF36F8FC2F84F
:107920008410BFF34F8FD2F8803043F6E074C3F376
:10793000C900C3F34E335B0103EA0406014646EA7D
:1079400081750139C2F86052F9D2203B13F1200F42
:10795000F2D1BFF34F8F536943F480335361BFF3C8
:107960004F8FBFF36F8F70BD00ED00E0FEE70000AA
:10797000214B2248224A70B5904237D3214BC11E79
:10798000DA1C121A22F003028B4238BF00220021B7
:10799000FAF7ECF91C4A0023C2F88430BFF34F8F8A
:1079A000D2F8803043F6E074C3F3C900C3F34E331A
:1079B0005B0103EA0406014646EA81750139C2F813
:1079C0006C52F9D2203B13F1200FF2D1BFF34F8F4D
:1079D000BFF36F8FBFF34F8FBFF36F8F0023C2F8DA
:1079E0005032BFF34F8FBFF36F8F70BD53F8041B3E
:1079F00040F8041BC0E700BF649C0008B466002088
:107A0000B4660020B466002000ED00E0074BD3F818
:107A1000D81021EA0001C3F8D810D3F8002122EAD7
:107A20000002C3F80021D3F8003170470044025827
:107A300070B5D0E9244300224FF0FF359E6804EB77
:107A400042135101D3F80009002805DAD3F80009E0
:107A500040F08040C3F80009D3F8000B002805DA95
:107A6000D3F8000B40F08040C3F8000B01326318DC
:107A70009642C3F80859C3F8085BE0D24FF00113EF
:107A8000C4F81C3870BD0000890141F0200101617B
:107A900003699B06FCD41220FEF7FABD10B50A4C10
:107AA0002046FEF785FA094BC4F89030084BC4F81D
:107AB0009430084C2046FEF77BFA074BC4F8903010
:107AC000064BC4F8943010BD3C650020000008400F
:107AD0009C9B0008D865002000000440A89B00087B
:107AE00070B503780546012B5CD1434BD0F890402C
:107AF000984258D1414B0E216520D3F8D82042F04E
:107B00000062C3F8D820D3F8002142F00062C3F825
:107B10000021D3F80021D3F8802042F00062C3F89E
:107B20008020D3F8802022F00062C3F88020D3F8B0
:107B30008030FDF781FC324BE360324BC4F80038F3
:107B40000023D5F89060C4F8003EC02323604FF4B2
:107B50000413A3633369002BFCDA01230C20336187
:107B6000FEF796FD3369DB07FCD41220FEF790FD8B
:107B70003369002BFCDA00262846A660FFF758FF81
:107B80006B68C4F81068DB68C4F81468C4F81C6833
:107B900083BB1D4BA3614FF0FF336361A36843F0C8
:107BA0000103A36070BD194B9842C9D1134B4FF02C
:107BB0008060D3F8D82042F00072C3F8D820D3F800
:107BC000002142F00072C3F80021D3F80021D3F85D
:107BD000802042F00072C3F88020D3F8802022F089
:107BE0000072C3F88020D3F88030FFF70FFF0E211A
:107BF0004D209EE7064BCDE73C650020004402582F
:107C00004014004003002002003C30C0D865002032
:107C1000083C30C0F8B5D0F89040054600214FF040
:107C200000662046FFF730FFD5F8941000234FF090
:107C300001128F684FF0FF30C4F83438C4F81C28A4
:107C400004EB431201339F42C2F80069C2F8006B93
:107C5000C2F80809C2F8080BF2D20B68D5F89020D8
:107C6000C5F89830636210231361166916F0100688
:107C7000FBD11220FEF70CFDD4F8003823F4FE638C
:107C8000C4F80038A36943F4402343F01003A36110
:107C90000923C4F81038C4F814380B4BEB604FF0CC
:107CA000C043C4F8103B094BC4F8003BC4F810694A
:107CB000C4F80039D5F8983003F1100243F480136A
:107CC000C5F89820A362F8BD789B0008408000109A
:107CD000D0F8902090F88A10D2F8003823F4FE6390
:107CE00043EA0113C2F80038704700002DE9F84359
:107CF00000EB8103D0F890500C468046DA680FFA0A
:107D000081F94801166806F00306731E022B05EB85
:107D100041134FF0000194BFB604384EC3F8101B56
:107D20004FF0010104F1100398BF06F1805601FAEB
:107D300003F3916998BF06F5004600293AD0578AA7
:107D400004F15801374349016F50D5F81C180B4313
:107D50000021C5F81C382B180127C3F81019A740BB
:107D60005369611E9BB3138A928B9B08012A88BFBB
:107D70005343D8F89820981842EA034301F140028F
:107D80002146C8F89800284605EB82025360FFF7A9
:107D90007BFE08EB8900C3681B8A43EA845348349E
:107DA0001E4364012E51D5F81C381F43C5F81C78BA
:107DB000BDE8F88305EB4917D7F8001B21F4004113
:107DC000C7F8001BD5F81C1821EA0303C0E704F12B
:107DD0003F030B4A2846214605EB83035A60FFF711
:107DE00053FE05EB4910D0F8003923F40043C0F8E6
:107DF0000039D5F81C3823EA0707D7E700800010C0
:107E000000040002D0F894201268C0F89820FFF710
:107E10000FBE00005831D0F8903049015B5813F480
:107E2000004004D013F4001F0CBF02200120704753
:107E30004831D0F8903049015B5813F4004004D029
:107E400013F4001F0CBF02200120704700EB8101DA
:107E5000CB68196A0B6813604B6853607047000069
:107E600000EB810330B5DD68AA691368D36019B9E6
:107E7000402B84BF402313606B8A1468D0F8902095
:107E80001C4402EB4110013C09B2B4FBF3F4634320
:107E9000033323F0030343EAC44343F0C043C0F871
:107EA000103B2B6803F00303012B0ED1D2F80838E6
:107EB00002EB411013F4807FD0F8003B14BF43F075
:107EC000805343F00053C0F8003B02EB4112D2F85C
:107ED000003B43F00443C2F8003B30BD2DE9F041C4
:107EE000D0F8906005460C4606EB4113D3F8087BAA
:107EF0003A07C3F8087B08D5D6F814381B0704D511
:107F000000EB8103DB685B689847FA071FD5D6F85A
:107F10001438DB071BD505EB8403D968CCB98B6912
:107F2000488A5A68B2FBF0F600FB16228AB9186834
:107F3000DA6890420DD2121AC3E90024302383F389
:107F4000118821462846FFF78BFF84F31188BDE88E
:107F5000F081012303FA04F26B8923EA02036B81A7
:107F6000CB68002BF3D021462846BDE8F0411847E6
:107F700000EB81034A0170B5DD68D0F890306C6980
:107F80002668E66056BB1A444FF40020C2F8100978
:107F90002A6802F00302012A0AB20ED1D3F80808B7
:107FA00003EB421410F4807FD4F8000914BF40F0B2
:107FB000805040F00050C4F8000903EB4212D2F8A0
:107FC000000940F00440C2F800090122D3F8340847
:107FD00002FA01F10143C3F8341870BD19B9402EFB
:107FE00084BF4020206020681A442E8A8419013CF6
:107FF000B4FBF6F440EAC44040F00050C6E700008D
:108000002DE9F843D0F8906005460C464F0106EB89
:108010004113D3F8088918F0010FC3F808891CD060
:10802000D6F81038DB0718D500EB8103D3F80CC065
:10803000DCF81430D3F800E0DA68964530D2A2EBD1
:108040000E024FF000091A60C3F80490302383F346
:108050001188FFF78DFF89F3118818F0800F1DD06C
:10806000D6F834380126A640334217D005EB8403F6
:108070000134D5F89050D3F80CC0E4B22F44DCF8AA
:10808000142005EB0434D2F800E05168714514D394
:10809000D5F8343823EA0606C5F83468BDE8F88315
:1080A000012303FA01F2038923EA02030381DCF8C6
:1080B0000830002BD1D09847CFE7AEEB0103BCF8D6
:1080C0001000834228BF0346D7F8180980B2B3EBEB
:1080D000800FE3D89068A0F1040959F8048FC4F820
:1080E0000080A0EB09089844B8F1040FF5D81844B3
:1080F0000B4490605360C8E72DE9F84FD0F89050DA
:1081000004466E69AB691E4016F480586E6103D058
:10811000BDE8F84FFDF7BCBF002E12DAD5F8003EDF
:108120009B0705D0D5F8003E23F00303C5F8003EB9
:10813000D5F80438204623F00103C5F80438FDF7CC
:10814000D5FF370505D52046FFF772FC2046FDF721
:10815000BBFFB0040CD5D5F8083813F0060FEB6858
:1081600023F470530CBF43F4105343F4A053EB605B
:1081700031071BD56368DB681BB9AB6923F00803C3
:10818000AB612378052B0CD1D5F8003E9A0705D0BA
:10819000D5F8003E23F00303C5F8003E2046FDF766
:1081A000A5FF6368DB680BB120469847F30200F136
:1081B000BA80B70226D5D4F8909000274FF0010A74
:1081C00009EB4712D2F8003B03F44023B3F5802FAC
:1081D00011D1D2F8003B002B0DDA62890AFA07F3BD
:1081E00022EA0303638104EB8703DB68DB6813B1D6
:1081F0003946204698470137D4F89430FFB29B683F
:108200009F42DDD9F00619D5D4F89000026AC2F376
:108210000A1702F00F0302F4F012B2F5802F00F0FB
:10822000CA80B2F5402F09D104EB8303002200F588
:108230008050DB681B6A974240F0B0803003D5F86D
:10824000185835D5E90303D500212046FFF746FE2F
:10825000AA0303D501212046FFF740FE6B0303D597
:1082600002212046FFF73AFE2F0303D503212046C3
:10827000FFF734FEE80203D504212046FFF72EFE67
:10828000A90203D505212046FFF728FE6A0203D57F
:1082900006212046FFF722FE2B0203D507212046A8
:1082A000FFF71CFEEF0103D508212046FFF716FE5D
:1082B000700340F1A780E90703D500212046FFF7AE
:1082C0009FFEAA0703D501212046FFF799FE6B0701
:1082D00003D502212046FFF793FE2F0703D5032184
:1082E0002046FFF78DFEEE0603D504212046FFF75A
:1082F00087FEA80603D505212046FFF781FE690603
:1083000003D506212046FFF77BFE2A0603D5072169
:108310002046FFF775FEEB0574D520460821BDE821
:10832000F84FFFF76DBED4F890904FF0000B4FF070
:10833000010AD4F894305FFA8BF79B689F423FF6AE
:1083400038AF09EB4713D3F8002902F44022B2F505
:10835000802F20D1D3F80029002A1CDAD3F8002975
:1083600042F09042C3F80029D3F80029002AFBDB31
:108370003946D4F89000FFF787FB22890AFA07F301
:1083800022EA0303238104EB8703DB689B6813B1B4
:108390003946204698470BF1010BCAE7910701D1F6
:1083A000D0F80080072A02F101029CBF03F8018B7C
:1083B0004FEA18283FE704EB830300F58050DA68A2
:1083C000D2F818C0DCF80820DCE9001CA1EB0C0C8A
:1083D00000218F4208D1DB689B699A683A449A6011
:1083E0005A683A445A6029E711F0030F01D1D0F8D6
:1083F00000808C4501F1010184BF02F8018B4FEA36
:108400001828E6E7BDE8F88F08B50348FFF774FEC3
:10841000BDE80840FFF744BA3C65002008B50348B2
:10842000FFF76AFEBDE80840FFF73ABAD8650020BA
:10843000D0F8903003EB4111D1F8003B43F4001326
:10844000C1F8003B70470000D0F8903003EB4111B9
:10845000D1F8003943F40013C1F800397047000027
:10846000D0F8903003EB4111D1F8003B23F4001316
:10847000C1F8003B70470000D0F8903003EB411189
:10848000D1F8003923F40013C1F800397047000017
:10849000064BD3F8DC200243C3F8DC20D3F80421D8
:1084A0001043C3F80401D3F8043170470044025864
:1084B00008B53C4B4FF0FF31D3F8802062F000420A
:1084C000C3F88020D3F8802002F00042C3F8802057
:1084D000D3F88020D3F88420C3F88410D3F8842004
:1084E0000022C3F88420D3F88400D86F40F0FF4006
:1084F00040F4FF0040F4DF4040F07F00D867D86FC1
:1085000020F0FF4020F4FF0020F4DF4020F07F0047
:10851000D867D86FD3F888006FEA40506FEA5050A0
:10852000C3F88800D3F88800C0F30A00C3F88800B5
:10853000D3F88800D3F89000C3F89010D3F89000D7
:10854000C3F89020D3F89000D3F89400C3F89410A7
:10855000D3F89400C3F89420D3F89400D3F898008B
:10856000C3F89810D3F89800C3F89820D3F898006F
:10857000D3F88C00C3F88C10D3F88C00C3F88C208F
:10858000D3F88C00D3F89C00C3F89C10D3F89C104F
:10859000C3F89C20D3F89C30FCF7EEF9BDE8084006
:1085A00000F0FCB80044025808B50122534BC3F850
:1085B0000821534BD3F8F42042F00202C3F8F42010
:1085C000D3F81C2142F00202C3F81C210222D3F886
:1085D0001C314C4BDA605A689104FCD54A4A1A6047
:1085E00001229A60494ADA6000221A614FF440423F
:1085F0009A61444B9A699204FCD51A6842F48072DD
:108600001A603F4B1A6F12F4407F04D04FF480324F
:108610001A6700221A671A6842F001021A60384B82
:108620001A685007FCD500221A611A6912F0380244
:10863000FBD1012119604FF0804159605A67344ADB
:10864000DA62344A1A611A6842F480321A602C4B9A
:108650001A689103FCD51A6842F480521A601A68AD
:108660009204FCD52C4A2D499A6200225A63196360
:1086700001F57C01DA6301F2E71199635A64284A33
:108680001A64284ADA621A6842F0A8521A601C4B2F
:108690001A6802F02852B2F1285FF9D148229A6193
:1086A0004FF48862DA6140221A621F4ADA641F4A74
:1086B0001A651F4A5A651F4A9A6532231E4A13607B
:1086C000136803F00F03022BFAD10D4A136943F02C
:1086D00003031361136903F03803182BFAD14FF029
:1086E0000050FFF7D5FE4FF08040FFF7D1FE4FF06E
:1086F0000040BDE80840FFF7CBBE00BF008000513E
:10870000004402580048025800C000F00200000176
:108710000000FF0100889008222040006302090148
:10872000470E0508DD0BBF012000002000000110EE
:108730000910E000000101100020005208B50348B4
:10874000FCF7F0FCBDE80840FFF7AAB8C8360020E7
:1087500008B50348FCF7EAFDBDE80840FFF7A0B8FC
:108760002039002008B50348FCF7E0FDBDE80840CB
:10877000FFF796B88C39002008B50348FCF7D6FD02
:10878000BDE80840FFF78CB8F839002008B500F0C4
:1087900095FCBDE80840FFF783B8000008B5092143
:1087A0007A20FCF749FE09217C20FCF745FE0721D1
:1087B0003220FCF741FE0C212720FCF73DFE0C2166
:1087C0003520FCF739FE0C215220BDE80840FCF7AB
:1087D00033BE000008B5FFF76BFE00F043FCFDF769
:1087E0000BFAFDF7A9F9FDF7E1FBFDF7B3FAFEF788
:1087F00085FABDE8084000F029BA000030B504331E
:10880000039C0172002104FB0325C160C0E90653EB
:10881000049B0363059BC0E90000C0E90422C0E992
:108820000842C0E90A11436330BD00000022416ADA
:10883000C260C0E90411C0E90A226FF00101FDF72E
:10884000D3BF0000D0E90432934201D1C2680AB913
:10885000181D704700207047036919600021C26825
:108860000132C260C269134482699342036124BF2A
:10887000436A0361FDF7ACBF38B504460D46E368B3
:108880003BB162690020131D1268A3621344E362C6
:1088900007E0237A33B929462046FDF789FF0028EF
:1088A000EDDA38BD6FF00100FBE70000C368C26974
:1088B000013BC3604369134482699342436124BF0F
:1088C000436A436100238362036B03B11847704717
:1088D00070B53023044683F31188866A3EB9FFF7EA
:1088E000CBFF054618B186F31188284670BDA36AF0
:1088F000E26A13F8015B9342A36202D32046FFF7BA
:10890000D5FF002383F31188EFE700002DE9F84F2E
:1089100004460E46174698464FF0300989F31188F1
:108920000025AA46D4F828B0BBF1000F09D1414672
:108930002046FFF7A1FF20B18BF311882846BDE840
:10894000F88FD4E90A12A7EB050B521A934528BFFA
:108950009346BBF1400F1BD9334601F1400251F859
:10896000040B914243F8040BF9D1A36A4036403519
:108970004033A362D4E90A239A4202D32046FFF788
:1089800095FF8AF31188BD42D8D289F31188C9E7CF
:1089900030465A46F9F7C4F9A36A5E445D445B4425
:1089A000A362E7E710B5029C0433017203FB0421C4
:1089B000C460C0E906130023C0E90A33039B0363C4
:1089C000049BC0E90000C0E90422C0E908424363F7
:1089D00010BD0000026A6FF00101C260426AC0E986
:1089E00004220022C0E90A22FDF7FEBED0E90423DA
:1089F0009A4201D1C26822B9184650F8043B0B6074
:108A0000704700231846FAE7C3680021C2690133A2
:108A1000C3604369134482699342436124BF436A3C
:108A20004361FDF7D5BE000038B504460D46E36846
:108A30003BB1236900201A1DA262E2691344E3627C
:108A400007E0237A33B929462046FDF7B1FE002816
:108A5000EDDA38BD6FF00100FBE700000369196033
:108A6000C268013AC260C2691344826993420361D9
:108A700024BF436A036100238362036B03B1184779
:108A80007047000070B530230D460446114683F34D
:108A90001188866A2EB9FFF7C7FF10B186F31188D7
:108AA00070BDA36A1D70A36AE26A01339342A36298
:108AB00004D3E16920460439FFF7D0FF002080F39A
:108AC0001188EDE72DE9F84F04460D46904699468A
:108AD0004FF0300A8AF311880026B346A76A4FB9CF
:108AE00049462046FFF7A0FF20B187F311883046A2
:108AF000BDE8F88FD4E90A073A1AA8EB06079742AF
:108B000028BF1746402F1BD905F1400355F8042B09
:108B10009D4240F8042BF9D1A36A40364033A3624A
:108B2000D4E90A239A4204D3E16920460439FFF7C5
:108B300095FF8BF311884645D9D28AF31188CDE78A
:108B400029463A46F9F7ECF8A36A3D443E443B44D3
:108B5000A362E5E7D0E904239A4217D1C3689BB129
:108B6000836A8BB1043B9B1A0ED01360C368013B30
:108B7000C360C3691A4483699A42026124BF436A8D
:108B80000361002383620123184670470023FBE73B
:108B900001F01F03F0B502F01F0456095A1C01230F
:108BA000B6EB511F50F8265003FA02F34FEA511763
:108BB00003F1FF333DBF50F82720C4F120001340DC
:108BC00003EA05003BBF03FA00F225FA04F0E04097
:108BD0001043F0BD70B57E227F210546FFF7D8FF18
:108BE00018B1012819D0002070BD3E224921284625
:108BF000FFF7CEFF2F22044631212846FFF7C8FF9A
:108C0000064601345022023653212846B440FFF76D
:108C1000BFFF093804FA00F0E6E730224521284674
:108C2000FFF7B6FF01308002DEE7000090F8D63093
:108C300090F8D7201B0403EB026390F8D42090F83F
:108C4000D500134403EB00207047000000F00CBA7D
:108C5000014B586A704700BF000C0040034B0022D4
:108C600058631A610222DA60704700BF000C0040AE
:108C7000014B0022DA607047000C0040014B586342
:108C8000704700BF000C0040024B034A1A60034AC1
:108C90005A6070478C660020B866002000000220F1
:108CA000074B494210B55C68201A08401968821ABF
:108CB0008A4203D3A24201D85A6010BD0020FCE7CB
:108CC0008C66002008B5302383F31188FFF7E8FF96
:108CD000002383F3118808BD0448054B036000237B
:108CE000C0E901330C3000F017B900BF94660020D2
:108CF000C58C0008CB1D083A23F00703591A521AF5
:108D000010B4D2080024C0E9004384600C301C6019
:108D10005A605DF8044B00F0FFB800002DE9F74FF2
:108D2000364FCD1D8846002818BF0746082A4FEA4F
:108D3000D50538BF082207F10C003C1D9146019073
:108D400000F02CF9019809F10701C9F1000E224643
:108D5000246864B900F02CF93B68CBB3082249467B
:108D6000E8009847044698B340E9027830E004EB05
:108D7000010CD4F804A00CEA0E0C0AF10106ACF1C7
:108D8000080304EBC6069E42E1D9A6EB0C0CB5EB3A
:108D9000EC0F4FEAEC0BDAD89C421DD204F108022A
:108DA000AB45A3EB02024FEAE202626009D9691CFB
:108DB000ED4303EBC1025D445560256843F8315033
:108DC00022601C46C3F8048044F8087B00F0F0F8E9
:108DD000204603B0BDE8F08FAA45216802D111609A
:108DE0002346EEE7013504EBC50344F8351003F1E3
:108DF0000801761AF6105E601360F1E794660020B1
:108E000073B50446A0F1080550F8080C54F8043C6A
:108E1000061D0C3007330190DB0844F8043C00F0D9
:108E2000BDF8334601989E421A6801D0AB4228D261
:108E30000AB1954225D244F8082C54F8042C1D6040
:108E4000013254F8081C05EBC206B14206D14E6847
:108E5000324444F8042C0A6844F8082C5E68711CFB
:108E600003EBC1018D4207D154F8042C0132324486
:108E70005A6054F8082C1A6002B0BDE8704000F047
:108E800097B81346CFE70000FEE7000070B51E4B11
:108E90000025044686B058600E4605638163FEF7E0
:108EA000D7FC04F12803A5606563C4E90A3304F123
:108EB0001003C4E904334FF0FF33C4E90044C4E9AC
:108EC0000635FFF7C5FE2B46024604F13C0120465D
:108ED000C4E9082380230D4A6567FDF7E3FB736847
:108EE000E0600B4A03620123009280F82430684658
:108EF000F26801923269CDE90223064BCDE90435CF
:108F0000FDF704FC06B070BD10490020BC9B0008B2
:108F1000B49B0008898E00080023C0E9000083602C
:108F20000361704770B51C4B05468468DE685CB30E
:108F3000B44213D103690133036170BDA36094F897
:108F4000243083B1062B15D1A06A2146D4E9003222
:108F500013605A60FDF702FBA36A9C68B368A268BD
:108F60009A42EBD306E0D4E90032204613605A60FF
:108F7000FDF704FB28463146FDF7F0FAB5620620FE
:108F8000BDE87040FDF7FCBA0369866001330361F8
:108F9000336BC3603063D0E76846002008B53023E8
:108FA00083F31188FFF7BEFF002383F3118808BD08
:108FB000194BD96883688B4210B520D1302383F3D5
:108FC00011880269013A0261B2B90468C368A0421B
:108FD0000B631ED04A6B9BB901238A60036103684F
:108FE0001A68026050601A6B8360C260186318468A
:108FF000FDF7C4FAFDF724FB002383F3118810BDAD
:109000001C68A34203D0A468A24238BF2246DB6892
:10901000E1E78260F0E700BF68460020024A536B38
:1090200018435063704700BF6846002038B5EFF31F
:1090300011859DB9EFF30584C4F30804302334B1DE
:1090400083F31188FDF708FD85F3118838BD83F39C
:109050001188FDF701FD84F3118838BDBDE8384063
:10906000FDF7FABC70470000114BD3F8E82042F03E
:109070000802C3F8E820D3F8102142F00802C3F830
:1090800010210C4AD3F81031D36B43F00803D3639B
:10909000C722094B9A624FF0FF32DA6200229A61CE
:1090A0005A63DA605A6001225A611A60704700BF41
:1090B000004402580010005C000C0040094A08B54A
:1090C0001169D3680B40D9B29B076FEA01011161A6
:1090D00007D5302383F31188FDF7D8FA002383F3F3
:1090E000118808BD000C004010B5013902449042BF
:1090F00001D1002005E0037811F8014FA34201D00F
:10910000181B10BD0130F2E7884210B501EB0204D4
:1091100002D98442234607D8431EA14208D011F841
:10912000012B03F8012FF8E7024401468A4200D1DF
:1091300010BD13F8014D02F8014DF7E7C9B203461F
:1091400010F8012B1AB18A42F9D11846704700294C
:1091500018BF0023F9E70000034611F8012B03F8BC
:10916000012B002AF9D1704710B50139034632B1FD
:1091700011F8014F03F8014B013A002CF7D11A44C2
:109180000021934200D110BD03F8011BF9E7000054
:10919000633166333334393236646237336366366B
:1091A0000000000012100000121100001213000055
:1091B0004D4435002D2D0A002F6172647570696C65
:1091C0006F742E6162696E002F6172647570696CD4
:1091D0006F742D7665726966792E6162696E002FF3
:1091E0006172647570696C6F742D666C6173682E42
:1091F0006162696E002F6172647570696C6F742DA5
:10920000666C61736865642E6162696E00000000BF
:109210000000000000000000150F0008B10F00085A
:1092200061110008E90F0008A90F00080000000004
:1092300000000000110F0008BD0F00089911000880
:109240000D0F0008190F000853544D333248373FB3
:109250003F3F0053544D3332483733782F373278FD
:109260000053544D3332483734332F3735332F378B
:109270003530000001105A00031059000120580039
:10928000032056002F0000005375636365737366F7
:10929000756C6C79206D6F756E74656420534443F2
:1092A0006172642028736C6F77646F776E3D2575EB
:1092B000290A0000EB7690455846415420202000B2
:1092C0004641543332202020000000002A3A3C3E20
:1092D0007C223F7F002B2C3B3D5B5D00435545418D
:1092E0004141414345454549494941414592924F94
:1092F0004F4F5555594F554F9C4F9E9F41494F5584
:10930000A5A5A6A7A8A9AAABACADAEAFB0B1B2B3A4
:10931000B4414141B8B9BABBBCBDBEBFC0C1C2C3F4
:10932000C4C54141C8C9CACBCCCDCECFD1D14545AA
:109330004549494949D9DADBDCDD49DF4FE14F4F87
:109340004F4FE6E8E85555555959EEEFF0F1F2F375
:10935000F4F5F6F7F8F9FAFBFCFDFEFF010305074B
:10936000090E10121416181C1E00000061001A03CA
:10937000E0001703F8000703FF0001007801000177
:10938000300132010601390110014A012E01790133
:10939000060180014D0043028101820182018401A6
:1093A000840186018701870189018A018B018B0174
:1093B0008D018E018F019001910191019301940122
:1093C000F60196019701980198013D029B019C01CD
:1093D0009D0120029F01A001A001A201A201A40100
:1093E000A401A601A701A701A901AA01AB01AC0133
:1093F000AC01AE01AF01AF01B101B201B301B301E4
:10940000B501B501B701B801B801BA01BB01BC0192
:10941000BC01BE01F701C001C101C201C301C40109
:10942000C501C401C701C801C701CA01CB01CA01F6
:10943000CD011001DD0101008E01DE011201F301F9
:109440000300F101F401F401F801280122021201E4
:109450003A020900652C3B023B023D02662C3F02AA
:1094600040024102410246020A01530240008101CA
:109470008601550289018A0158028F015A02900122
:109480005C025D025E025F0293016102620294016E
:109490006402650266026702970196016A02622C05
:1094A0006C026D026E029C01700271029D017302DA
:1094B00074029F0176027702780279027A027B02B7
:1094C0007C02642C7E027F02A60181028202A90135
:1094D0008402850286028702AE014402B101B20114
:1094E00045028D028E028F0290029102B7017B032A
:1094F0000300FD03FE03FF03AC030400860388039F
:1095000089038A03B1031103C2030200A303A30367
:10951000C4030803CC0303008C038E038F03D8031A
:109520001801F2030A00F903F303F403F503F60349
:10953000F703F703F903FA03FA0330042003500496
:109540001007600422018A043601C1040E01CF0411
:109550000100C004D004440161052604000000009D
:109560007D1D0100632C001E9601A01E5A01001FE4
:109570000806101F0606201F0806301F0806401F99
:109580000606511F0700591F521F5B1F541F5D1F06
:10959000561F5F1F601F0806701F0E00BA1FBB1FFB
:1095A000C81FC91FCA1FCB1FDA1FDB1FF81FF91FF7
:1095B000EA1FEB1FFA1FFB1F801F0806901F0806FB
:1095C000A01F0806B01F0400B81FB91FB21FBC1FA0
:1095D000CC1F0100C31FD01F0206E01F0206E51FBB
:1095E0000100EC1FF31F0100FC1F4E21010032217E
:1095F00070211002842101008321D0241A05302C0F
:109600002F04602C0201672C0601752C0201802CAE
:109610006401002D260841FF1A030000C700FC006A
:10962000E900E200E400E000E500E700EA00EB000A
:10963000E800EF00EE00EC00C400C500C900E60041
:10964000C600F400F600F200FB00F900FF00D600AF
:10965000DC00F800A300D800D7009201E100ED0083
:10966000F300FA00F100D100AA00BA00BF00AE007A
:10967000AC00BD00BC00A100AB00BB009125922551
:10968000932502252425C100C200C000A90063253E
:10969000512557255D25A200A50010251425342548
:1096A0002C251C2500253C25E300C3005A25542504
:1096B00069256625602550256C25A400F000D000A2
:1096C000CA00CB00C8003101CD00CE00CF00182564
:1096D0000C2588258425A600CC008025D300DF003A
:1096E000D400D200F500D500B500FE00DE00DA009F
:1096F000DB00D900FD00DD00AF00B400AD00B1001B
:109700001720BE00B600A700F700B800B000A80000
:10971000B700B900B300B200A025A00010000240BD
:10972000080002400008024000000B002800024030
:10973000080002400408024006010C0040000240FC
:10974000080002400808024010020D0058000240C4
:10975000080002400C08024016030E007000024090
:109760000C0002401008024000040F008800024074
:109770000C0002401408024006051000A000024040
:109780000C0002401808024010061100B800024008
:109790000C0002401C08024016072F001004024073
:1097A0000804024020080240000838002804024053
:1097B000080402402408024006093900400402401F
:1097C0000804024028080240100A3A0058040240E7
:1097D000080402402C080240160B3B0070040240B3
:1097E0000C04024030080240000C3C008804024097
:1097F0000C04024034080240060D4400A00402405C
:109800000C04024038080240100E4500B804024023
:109810000C0402403C080240160F46000100000004
:1098200000000000009600000000000000000000A2
:109830000000000000000000000000000000000028
:10984000F56C0008F96C0008CD570008055B0008AE
:109850006157000889570008B157000849570008A8
:1098600000000000B95B0008A55B0008E15B000890
:10987000CD5B0008D95B0008C55B0008B15B000840
:109880009D5B0008ED5B000800000000D15C000853
:10989000BD5C0008F95C0008E55C0008F15C0008AC
:1098A000DD5C0008C95C0008B55C0008055D0008C7
:1098B0000000000001000000000000006330000014
:1098C000BC9800080000000000000000E0460020F6
:1098D000104900200000802A00020000AAAAAAAABB
:1098E00000000024FFFF00000000000000A00A00AC
:1098F000000200A000000000AAAAAAAA00010050CD
:10990000FFFF0000000009000000009900000006B1
:1099100000000000AAAAAAAA00000001FFFF0000A0
:10992000000000000000080020A00A000000000065
:10993000AAAAAAAA10400500FFFF0000000800BB69
:10994000770000004014020028000000AAAAAAAA7A
:1099500000000100FFFF0000000000000700000001
:109960000020000100000000AAAAAAAA001000001E
:10997000FFFF000000000007000000000051800011
:1099800000000000AAAAAAAA00404000FFFF0000B1
:109990000000000000A000000004004000000000E3
:1099A000AAAAAAAA00040040FFFF000000000000CD
:1099B000000000000001150000000000AAAAAAAAE9
:1099C00000011500FFFF0000000000000000000083
:1099D0000000000000000000AAAAAAAA00000000DF
:1099E000FFFF000000000000000000000000000079
:1099F00000000000AAAAAAAA00000000FFFF0000C1
:109A000000000000000000004172647550696C6F36
:109A1000740025424F415244252D424C00255345A8
:109A20005249414C250000000200000000000000E7
:109A3000F15E0008615F000840004000C061002046
:109A4000D0610020020000000000000003000000C0
:109A500000000000A95F00080000000010000000E6
:109A6000E061002000000000010000000000000094
:109A70003C65002001010200F16D0008016D000845
:109A80009D6D0008816D000843000000909A000859
:109A900009024300020100C0320904000001020271
:109AA0000100052400100105240100010424020224
:109AB0000524060001070582030800FF09040100D0
:109AC000020A0000000705010240000007058102AC
:109AD0004000000012000000DC9A00081201100192
:109AE0000200004009124157000201020301000078
:109AF0000403090425424F41524425005A65726F00
:109B00004F6E654D390030313233343536373839A0
:109B1000414243444546000000000020000002008E
:109B200002000000000000300000040008000000F7
:109B300000000024000008000400000000040000F1
:109B400000FC000002000000000004300080000063
:109B500008000000000000380000010001000000C3
:109B60001F1C1F1E1F1E1F1F1E1F1E1F1F1D1F1E0F
:109B70001F1E1F1F1E1F1E1F000000000561000882
:109B8000BD6300086964000840004000746600205E
:109B90007466002001000000846600208000000040
:109BA000400100000800000000010000001000005B
:109BB0000800000069646C65000000006D61696E5A
:109BC000002C0438040438080C10141C202425260A
:109BD0000000000000006404010004000000000018
:109BE000000C0010283034008068FF7F0100000066
:109BF000EA1500000000000000001E000000000048
:109C0000FF00000018490020F83900208C3900209E
:109C10002039002000000000489200088304000062
:109C200053920008500400006192000801000000F7
:109C300000000000009600000000080096000000F0
:109C40000008000004000000F09A00080000000076
:109C50000000000000000000000000000000000004
:049C60000000000000
:00000001FF
